vraie_espece,couv_std,n_obs,groupe,couv_pas,diff
19,1.0,13,Rare,1.0,0.0
27,0.5,2,Rare,0.5,0.0
31,1.0,1,Rare,1.0,0.0
48,1.0,1,Rare,1.0,0.0
52,1.0,1,Rare,1.0,0.0
115,0.0,1,Rare,0.0,0.0
125,1.0,1,Rare,1.0,0.0
155,1.0,4,Rare,1.0,0.0
191,1.0,1,Rare,1.0,0.0
209,1.0,1,Rare,1.0,0.0
358,1.0,20,Commun,1.0,0.0
369,1.0,1,Rare,1.0,0.0
373,0.9285714285714286,28,Commun,0.9285714285714286,0.0
376,1.0,1,Rare,1.0,0.0
409,1.0,20,Commun,1.0,0.0
412,1.0,8,Commun,1.0,0.0
417,1.0,9,Rare,1.0,0.0
418,1.0,2,Rare,1.0,0.0
425,1.0,17,Rare,1.0,0.0
426,1.0,16,Commun,1.0,0.0
433,1.0,1,Rare,1.0,0.0
483,1.0,7,Rare,1.0,0.0
493,1.0,1,Rare,1.0,0.0
495,1.0,23,Commun,1.0,0.0
497,1.0,3,Rare,1.0,0.0
498,1.0,1,Rare,1.0,0.0
499,1.0,1,Rare,1.0,0.0
503,1.0,1,Rare,1.0,0.0
529,1.0,1,Rare,1.0,0.0
655,1.0,7,Rare,1.0,0.0
657,1.0,12,Commun,1.0,0.0
749,1.0,2,Rare,1.0,0.0
846,1.0,1,Rare,1.0,0.0
877,0.6666666666666666,3,Rare,0.6666666666666666,0.0
879,0.75,4,Rare,0.75,0.0
881,1.0,1,Rare,1.0,0.0
911,1.0,5,Rare,1.0,0.0
923,1.0,1,Rare,1.0,0.0
970,1.0,1,Rare,1.0,0.0
975,1.0,1,Rare,1.0,0.0
981,1.0,1,Rare,1.0,0.0
983,1.0,2,Rare,1.0,0.0
1083,1.0,1,Rare,1.0,0.0
1116,0.7142857142857143,7,Rare,0.7142857142857143,0.0
1119,0.75,4,Rare,0.75,0.0
1130,1.0,7,Rare,1.0,0.0
1137,1.0,1,Rare,1.0,0.0
1251,1.0,18,Commun,1.0,0.0
1325,1.0,3,Rare,1.0,0.0
1370,1.0,3,Rare,1.0,0.0
1378,1.0,2,Rare,1.0,0.0
1558,1.0,15,Rare,1.0,0.0
1569,1.0,3,Rare,1.0,0.0
1573,1.0,1,Rare,1.0,0.0
1627,1.0,17,Rare,1.0,0.0
1678,1.0,7,Rare,1.0,0.0
1683,1.0,5,Rare,1.0,0.0
1691,1.0,3,Rare,1.0,0.0
1692,1.0,26,Commun,1.0,0.0
1729,1.0,7,Rare,1.0,0.0
1786,1.0,7,Commun,1.0,0.0
1795,0.6666666666666666,3,Rare,0.6666666666666666,0.0
1812,1.0,1,Rare,1.0,0.0
1816,1.0,1,Rare,1.0,0.0
1832,1.0,1,Rare,1.0,0.0
1847,1.0,1,Rare,1.0,0.0
1857,1.0,1,Rare,0.0,-1.0
1863,1.0,3,Rare,1.0,0.0
1940,1.0,1,Rare,1.0,0.0
1941,1.0,1,Rare,1.0,0.0
1955,0.5333333333333333,15,Rare,0.5333333333333333,0.0
1982,1.0,46,Commun,1.0,0.0
1991,0.8,5,Rare,0.8,0.0
2016,1.0,2,Rare,1.0,0.0
2018,1.0,1,Rare,1.0,0.0
2034,1.0,1,Rare,1.0,0.0
2078,1.0,1,Rare,1.0,0.0
2079,1.0,3,Rare,1.0,0.0
2100,1.0,1,Rare,1.0,0.0
2112,1.0,4,Rare,1.0,0.0
2113,1.0,1,Rare,1.0,0.0
2116,1.0,1,Rare,1.0,0.0
2122,1.0,6,Rare,1.0,0.0
2134,1.0,6,Rare,1.0,0.0
2140,1.0,2,Rare,1.0,0.0
2147,1.0,6,Rare,1.0,0.0
2151,1.0,16,Commun,1.0,0.0
2154,0.75,4,Rare,0.5,-0.25
2215,1.0,1,Rare,1.0,0.0
2217,1.0,6,Rare,1.0,0.0
2221,0.8333333333333334,12,Commun,1.0,0.16666666666666663
2223,1.0,1,Rare,1.0,0.0
2289,1.0,3,Rare,1.0,0.0
2391,0.6666666666666666,3,Rare,0.6666666666666666,0.0
2475,1.0,1,Rare,1.0,0.0
2518,0.0,1,Rare,0.0,0.0
2519,1.0,1,Rare,1.0,0.0
2620,1.0,7,Rare,1.0,0.0
2655,0.0,1,Rare,0.0,0.0
2663,1.0,3,Rare,1.0,0.0
2664,1.0,1,Rare,1.0,0.0
2680,1.0,6,Rare,1.0,0.0
2739,1.0,1,Rare,1.0,0.0
2742,1.0,1,Rare,1.0,0.0
2745,1.0,3,Rare,1.0,0.0
2758,1.0,3,Rare,1.0,0.0
2765,1.0,5,Rare,1.0,0.0
2778,1.0,5,Rare,1.0,0.0
2808,1.0,11,Rare,1.0,0.0
2998,1.0,2,Rare,1.0,0.0
2999,1.0,3,Rare,1.0,0.0
3003,1.0,7,Rare,1.0,0.0
3004,1.0,34,Commun,1.0,0.0
3005,1.0,2,Rare,1.0,0.0
3006,1.0,8,Rare,1.0,0.0
3007,1.0,49,Commun,1.0,0.0
3059,1.0,5,Rare,0.8,-0.19999999999999996
3090,1.0,2,Rare,1.0,0.0
3092,1.0,3,Rare,1.0,0.0
3104,1.0,3,Rare,1.0,0.0
3161,1.0,1,Rare,1.0,0.0
3182,1.0,3,Rare,1.0,0.0
3194,1.0,3,Rare,1.0,0.0
3202,1.0,2,Rare,1.0,0.0
3210,1.0,4,Rare,1.0,0.0
3211,1.0,4,Rare,1.0,0.0
3218,1.0,4,Rare,1.0,0.0
3248,1.0,1,Rare,1.0,0.0
3253,1.0,2,Rare,1.0,0.0
3260,1.0,2,Rare,1.0,0.0
3284,1.0,3,Rare,1.0,0.0
3290,0.475,40,Commun,0.475,0.0
3295,0.3333333333333333,9,Rare,0.3333333333333333,0.0
3297,0.0,1,Rare,0.0,0.0
3344,0.875,8,Rare,0.875,0.0
3586,1.0,4,Rare,1.0,0.0
3587,1.0,4,Rare,1.0,0.0
3605,1.0,1,Rare,1.0,0.0
3630,1.0,5,Rare,0.8,-0.19999999999999996
3661,1.0,1,Rare,1.0,0.0
3664,1.0,1,Rare,1.0,0.0
3668,1.0,10,Commun,1.0,0.0
3791,1.0,1,Rare,1.0,0.0
3800,1.0,3,Rare,1.0,0.0
3805,1.0,20,Commun,1.0,0.0
3844,0.0,1,Rare,0.0,0.0
3845,0.8888888888888888,18,Commun,1.0,0.11111111111111116
3853,1.0,1,Rare,1.0,0.0
3914,1.0,24,Commun,1.0,0.0
3919,1.0,2,Rare,1.0,0.0
3977,1.0,1,Rare,1.0,0.0
3979,1.0,2,Rare,1.0,0.0
4020,1.0,1,Rare,1.0,0.0
4030,0.9705882352941176,34,Commun,0.9705882352941176,0.0
4033,1.0,2,Rare,1.0,0.0
4039,1.0,2,Rare,1.0,0.0
4042,1.0,4,Rare,1.0,0.0
4052,1.0,1,Rare,1.0,0.0
4053,1.0,2,Rare,1.0,0.0
4070,1.0,1,Rare,1.0,0.0
4117,1.0,3,Rare,1.0,0.0
4147,1.0,28,Commun,1.0,0.0
4192,1.0,7,Rare,1.0,0.0
4193,1.0,7,Rare,1.0,0.0
4226,0.6666666666666666,3,Rare,0.6666666666666666,0.0
4231,1.0,1,Rare,1.0,0.0
4284,1.0,1,Rare,1.0,0.0
4285,1.0,1,Rare,1.0,0.0
4294,0.8,5,Rare,0.8,0.0
4309,1.0,1,Rare,1.0,0.0
4315,1.0,3,Rare,1.0,0.0
4322,1.0,1,Rare,1.0,0.0
4325,1.0,3,Rare,1.0,0.0
4328,1.0,2,Rare,1.0,0.0
4350,1.0,2,Rare,1.0,0.0
4360,1.0,2,Rare,1.0,0.0
4429,1.0,3,Rare,1.0,0.0
4432,0.6,15,Commun,0.6,0.0
4486,1.0,6,Rare,1.0,0.0
4487,0.0,2,Rare,0.0,0.0
4534,1.0,3,Rare,1.0,0.0
4569,1.0,1,Rare,1.0,0.0
4580,1.0,1,Rare,1.0,0.0
4584,1.0,3,Rare,1.0,0.0
4587,1.0,1,Rare,1.0,0.0
4613,1.0,8,Rare,1.0,0.0
4616,1.0,3,Rare,1.0,0.0
4630,1.0,1,Rare,1.0,0.0
4633,1.0,1,Rare,1.0,0.0
4644,1.0,1,Rare,1.0,0.0
4688,1.0,5,Rare,1.0,0.0
4709,1.0,2,Rare,1.0,0.0
4732,1.0,2,Rare,1.0,0.0
4734,1.0,1,Rare,1.0,0.0
4737,1.0,5,Rare,0.8,-0.19999999999999996
4747,1.0,1,Rare,1.0,0.0
4749,0.0,1,Rare,0.0,0.0
4760,1.0,1,Rare,1.0,0.0
4806,1.0,3,Rare,1.0,0.0
4810,1.0,4,Rare,1.0,0.0
4815,1.0,2,Rare,1.0,0.0
4856,1.0,1,Rare,1.0,0.0
4875,1.0,9,Commun,1.0,0.0
4878,1.0,1,Rare,1.0,0.0
4884,1.0,2,Rare,1.0,0.0
4895,1.0,2,Rare,1.0,0.0
4899,1.0,5,Rare,1.0,0.0
4908,1.0,2,Rare,1.0,0.0
4935,1.0,1,Rare,1.0,0.0
4978,1.0,1,Rare,1.0,0.0
5016,1.0,2,Rare,1.0,0.0
5041,1.0,3,Rare,1.0,0.0
5083,1.0,8,Rare,1.0,0.0
5087,1.0,8,Rare,1.0,0.0
5089,1.0,1,Rare,1.0,0.0
5090,1.0,4,Rare,1.0,0.0
5149,1.0,5,Rare,1.0,0.0
5175,1.0,9,Rare,1.0,0.0
5198,1.0,1,Rare,1.0,0.0
5248,1.0,1,Rare,1.0,0.0
5263,1.0,3,Rare,1.0,0.0
5270,1.0,12,Commun,1.0,0.0
5272,1.0,4,Rare,1.0,0.0
5283,1.0,8,Commun,1.0,0.0
5290,1.0,5,Rare,1.0,0.0
5292,1.0,1,Rare,1.0,0.0
5330,1.0,4,Commun,1.0,0.0
5371,1.0,1,Rare,1.0,0.0
5409,1.0,1,Rare,1.0,0.0
5458,1.0,1,Rare,1.0,0.0
5463,1.0,2,Rare,1.0,0.0
5466,1.0,1,Rare,1.0,0.0
5468,1.0,3,Rare,1.0,0.0
5488,1.0,9,Commun,1.0,0.0
5495,1.0,1,Rare,1.0,0.0
5514,1.0,1,Rare,1.0,0.0
5515,0.5,2,Rare,0.5,0.0
5533,1.0,1,Rare,1.0,0.0
5535,1.0,1,Rare,1.0,0.0
5544,1.0,1,Rare,1.0,0.0
5550,1.0,19,Commun,1.0,0.0
5552,1.0,5,Rare,1.0,0.0
5635,1.0,4,Rare,1.0,0.0
5636,0.8571428571428571,7,Rare,0.8571428571428571,0.0
5651,1.0,5,Rare,1.0,0.0
5698,1.0,5,Rare,1.0,0.0
5716,0.0,1,Rare,0.0,0.0
5719,1.0,1,Rare,1.0,0.0
5720,1.0,2,Rare,1.0,0.0
5734,1.0,2,Rare,1.0,0.0
5757,1.0,2,Rare,1.0,0.0
5767,1.0,2,Rare,1.0,0.0
5837,1.0,2,Rare,1.0,0.0
5841,1.0,2,Rare,1.0,0.0
5847,1.0,2,Rare,1.0,0.0
5912,1.0,1,Rare,1.0,0.0
5976,1.0,3,Rare,1.0,0.0
6125,1.0,1,Rare,1.0,0.0
6134,1.0,2,Rare,1.0,0.0
6255,1.0,1,Rare,1.0,0.0
6259,0.5,2,Rare,0.5,0.0
6320,1.0,7,Rare,1.0,0.0
6376,1.0,3,Rare,1.0,0.0
6390,1.0,1,Rare,1.0,0.0
6430,1.0,1,Rare,1.0,0.0
6688,1.0,3,Rare,1.0,0.0
6705,1.0,3,Rare,1.0,0.0
6708,1.0,10,Commun,1.0,0.0
6710,1.0,3,Rare,1.0,0.0
6711,1.0,2,Rare,1.0,0.0
6746,1.0,1,Rare,1.0,0.0
6749,1.0,1,Rare,1.0,0.0
6754,0.9,10,Rare,0.9,0.0
6844,1.0,2,Rare,1.0,0.0
6853,1.0,7,Rare,1.0,0.0
6878,1.0,6,Rare,1.0,0.0
6911,1.0,1,Rare,1.0,0.0
6945,1.0,1,Rare,1.0,0.0
6964,0.0,1,Rare,0.0,0.0
6965,1.0,4,Rare,1.0,0.0
6972,0.8571428571428571,7,Rare,0.8571428571428571,0.0
6995,1.0,1,Rare,1.0,0.0
6999,0.9166666666666666,12,Rare,0.9166666666666666,0.0
7002,1.0,2,Rare,1.0,0.0
7023,1.0,1,Rare,1.0,0.0
7031,1.0,4,Rare,1.0,0.0
7045,1.0,2,Rare,1.0,0.0
7130,1.0,1,Rare,1.0,0.0
7151,0.8571428571428571,7,Rare,0.8571428571428571,0.0
7157,1.0,13,Commun,1.0,0.0
7165,1.0,1,Rare,1.0,0.0
7166,1.0,11,Commun,1.0,0.0
7249,1.0,6,Rare,1.0,0.0
7289,1.0,2,Rare,1.0,0.0
7294,1.0,2,Rare,1.0,0.0
7394,1.0,2,Rare,1.0,0.0
7422,1.0,1,Rare,1.0,0.0
7443,1.0,31,Commun,1.0,0.0
7511,1.0,4,Rare,1.0,0.0
7514,1.0,2,Rare,1.0,0.0
7525,1.0,3,Rare,1.0,0.0
7545,1.0,6,Rare,1.0,0.0
7624,1.0,1,Rare,1.0,0.0
7625,0.0,1,Rare,0.0,0.0
7627,1.0,1,Rare,1.0,0.0
7687,1.0,5,Rare,1.0,0.0
7690,1.0,5,Rare,1.0,0.0
7693,0.0,1,Rare,0.0,0.0
7761,1.0,1,Rare,1.0,0.0
7763,1.0,2,Rare,1.0,0.0
7764,1.0,2,Rare,1.0,0.0
7765,1.0,1,Rare,1.0,0.0
7808,1.0,1,Rare,1.0,0.0
7812,1.0,3,Rare,1.0,0.0
7820,0.0,2,Rare,0.0,0.0
7832,1.0,1,Rare,1.0,0.0
7835,1.0,1,Rare,1.0,0.0
7859,0.3333333333333333,3,Rare,0.3333333333333333,0.0
7883,1.0,2,Rare,1.0,0.0
7921,1.0,12,Commun,1.0,0.0
7956,1.0,12,Commun,1.0,0.0
7991,1.0,1,Rare,1.0,0.0
8227,1.0,1,Rare,1.0,0.0
8228,1.0,1,Rare,1.0,0.0
8234,1.0,1,Rare,1.0,0.0
8239,1.0,2,Rare,1.0,0.0
8242,1.0,1,Rare,1.0,0.0
8244,1.0,2,Rare,1.0,0.0
8247,1.0,8,Rare,1.0,0.0
8261,1.0,1,Rare,1.0,0.0
8263,1.0,1,Rare,1.0,0.0
8268,1.0,2,Rare,1.0,0.0
8271,1.0,1,Rare,1.0,0.0
8331,1.0,1,Rare,1.0,0.0
8333,1.0,1,Rare,1.0,0.0
8338,1.0,16,Rare,1.0,0.0
8423,1.0,9,Rare,1.0,0.0
8448,1.0,1,Rare,1.0,0.0
8449,1.0,1,Rare,1.0,0.0
8454,1.0,3,Rare,1.0,0.0
8519,0.0,1,Rare,0.0,0.0
8587,0.625,8,Rare,0.375,-0.25
8590,1.0,5,Rare,1.0,0.0
8594,0.75,4,Rare,0.75,0.0
8602,1.0,1,Rare,1.0,0.0
8689,0.6,20,Commun,0.6,0.0
8706,1.0,2,Rare,1.0,0.0
8707,1.0,2,Rare,1.0,0.0
8729,1.0,18,Rare,1.0,0.0
8731,1.0,1,Rare,1.0,0.0
8836,1.0,14,Commun,1.0,0.0
8901,1.0,2,Rare,1.0,0.0
8904,1.0,3,Rare,1.0,0.0
8939,0.875,8,Rare,0.875,0.0
8952,1.0,2,Rare,1.0,0.0
8985,0.0,1,Rare,0.0,0.0
9002,1.0,5,Rare,1.0,0.0
9025,1.0,13,Commun,1.0,0.0
9051,1.0,3,Rare,1.0,0.0
9062,1.0,2,Rare,1.0,0.0
9066,1.0,9,Commun,1.0,0.0
9073,1.0,1,Rare,1.0,0.0
9074,1.0,1,Rare,1.0,0.0
9085,1.0,7,Rare,1.0,0.0
9087,1.0,1,Rare,1.0,0.0
9088,1.0,15,Rare,1.0,0.0
9096,1.0,10,Rare,1.0,0.0
9102,1.0,5,Rare,1.0,0.0
9104,1.0,1,Rare,1.0,0.0
9109,1.0,2,Rare,1.0,0.0
9113,1.0,8,Commun,1.0,0.0
9129,1.0,1,Rare,1.0,0.0
9152,1.0,2,Rare,1.0,0.0
9153,1.0,4,Rare,1.0,0.0
9251,0.6666666666666666,3,Rare,0.6666666666666666,0.0
9258,1.0,2,Commun,1.0,0.0
9300,1.0,6,Rare,1.0,0.0
9304,1.0,12,Commun,1.0,0.0
9362,1.0,1,Rare,1.0,0.0
9367,1.0,1,Rare,1.0,0.0
9375,1.0,1,Rare,1.0,0.0
9384,1.0,2,Rare,1.0,0.0
9387,1.0,5,Rare,1.0,0.0
9388,1.0,1,Rare,1.0,0.0
9390,1.0,1,Rare,1.0,0.0
9404,1.0,3,Rare,1.0,0.0
9407,1.0,25,Commun,1.0,0.0
9409,1.0,2,Rare,1.0,0.0
9410,1.0,3,Rare,1.0,0.0
9438,1.0,3,Rare,1.0,0.0
9445,1.0,2,Rare,1.0,0.0
9446,1.0,4,Rare,1.0,0.0
9456,1.0,3,Rare,1.0,0.0
9457,1.0,1,Rare,1.0,0.0
9458,1.0,4,Rare,1.0,0.0
9460,1.0,1,Rare,1.0,0.0
9462,1.0,1,Rare,1.0,0.0
9553,1.0,1,Rare,1.0,0.0
9569,1.0,1,Rare,1.0,0.0
9572,1.0,1,Rare,1.0,0.0
9601,1.0,1,Rare,1.0,0.0
9678,1.0,1,Rare,1.0,0.0
9688,0.0,1,Rare,0.0,0.0
9699,1.0,2,Rare,1.0,0.0
9705,1.0,13,Rare,1.0,0.0
9739,1.0,1,Rare,1.0,0.0
9742,1.0,1,Rare,1.0,0.0
9743,1.0,1,Rare,1.0,0.0
9753,1.0,1,Rare,1.0,0.0
9799,1.0,1,Rare,1.0,0.0
9803,1.0,1,Rare,1.0,0.0
9827,0.0,1,Rare,0.0,0.0
9828,1.0,14,Rare,1.0,0.0
9833,1.0,2,Rare,1.0,0.0
9846,1.0,8,Rare,1.0,0.0
9886,1.0,23,Commun,1.0,0.0
9899,1.0,1,Rare,1.0,0.0
9905,1.0,12,Commun,1.0,0.0
9926,1.0,1,Rare,1.0,0.0
9933,1.0,2,Rare,1.0,0.0
10097,1.0,1,Rare,1.0,0.0
10102,1.0,34,Commun,1.0,0.0
10179,1.0,1,Rare,1.0,0.0
10187,1.0,7,Rare,1.0,0.0
10197,1.0,8,Rare,1.0,0.0
10226,1.0,2,Rare,1.0,0.0
10426,1.0,1,Rare,1.0,0.0
10427,0.5714285714285714,14,Rare,0.5714285714285714,0.0
10430,1.0,3,Rare,1.0,0.0
10431,1.0,1,Rare,1.0,0.0
10443,1.0,2,Rare,1.0,0.0
10475,1.0,10,Rare,1.0,0.0
10528,1.0,2,Rare,1.0,0.0
10538,1.0,1,Rare,1.0,0.0
10568,1.0,6,Rare,1.0,0.0
10575,1.0,1,Rare,1.0,0.0
10582,1.0,1,Rare,1.0,0.0
10588,0.6,5,Commun,0.6,0.0
10592,1.0,2,Rare,1.0,0.0
10608,1.0,1,Rare,1.0,0.0
10618,1.0,10,Rare,1.0,0.0
10636,0.3333333333333333,6,Rare,0.3333333333333333,0.0
10639,1.0,1,Rare,1.0,0.0
10640,1.0,6,Rare,1.0,0.0
10645,0.75,4,Rare,0.75,0.0
10647,1.0,1,Rare,1.0,0.0
10673,1.0,4,Rare,1.0,0.0
10679,1.0,2,Rare,1.0,0.0
10699,0.5,2,Rare,0.5,0.0
10701,1.0,2,Rare,1.0,0.0
10712,1.0,9,Commun,1.0,0.0
10715,1.0,1,Rare,1.0,0.0
10769,1.0,11,Rare,1.0,0.0
10774,0.96875,32,Commun,0.96875,0.0
10775,1.0,9,Rare,1.0,0.0
10790,1.0,9,Commun,1.0,0.0
10814,1.0,3,Rare,1.0,0.0
10820,1.0,2,Rare,1.0,0.0
10824,1.0,1,Rare,1.0,0.0
10838,1.0,1,Rare,1.0,0.0
10840,1.0,2,Rare,1.0,0.0
10848,1.0,1,Rare,1.0,0.0
10857,1.0,2,Rare,1.0,0.0
10869,1.0,3,Rare,1.0,0.0
10876,1.0,1,Rare,1.0,0.0
10879,1.0,7,Rare,1.0,0.0
10894,1.0,2,Rare,1.0,0.0
10934,1.0,20,Commun,1.0,0.0
10954,1.0,1,Rare,1.0,0.0
11037,1.0,3,Rare,1.0,0.0
11039,1.0,1,Rare,1.0,0.0
11047,1.0,2,Rare,1.0,0.0
11048,1.0,2,Rare,1.0,0.0
11057,1.0,1,Rare,0.0,-1.0
11058,1.0,1,Rare,1.0,0.0
11060,1.0,3,Rare,1.0,0.0
11069,1.0,1,Rare,1.0,0.0
11128,1.0,4,Rare,1.0,0.0
11202,1.0,1,Rare,1.0,0.0
11219,1.0,1,Rare,1.0,0.0
11302,1.0,1,Rare,1.0,0.0
11313,1.0,44,Commun,1.0,0.0
11330,1.0,3,Commun,1.0,0.0
11351,1.0,1,Rare,1.0,0.0
11352,1.0,1,Rare,1.0,0.0
11354,0.5,2,Rare,0.5,0.0
11356,1.0,2,Rare,1.0,0.0
11485,1.0,2,Rare,1.0,0.0
11494,1.0,1,Rare,1.0,0.0
11550,1.0,1,Rare,1.0,0.0
11585,1.0,3,Rare,1.0,0.0
11644,1.0,4,Rare,1.0,0.0
11693,1.0,1,Rare,1.0,0.0
11699,1.0,1,Rare,1.0,0.0
11704,1.0,3,Rare,1.0,0.0
11705,0.9629629629629629,27,Commun,1.0,0.03703703703703709
11771,1.0,8,Rare,1.0,0.0
11776,1.0,2,Rare,1.0,0.0
11780,1.0,1,Rare,1.0,0.0
11787,1.0,9,Rare,1.0,0.0
11804,1.0,4,Commun,1.0,0.0
11809,1.0,1,Rare,1.0,0.0
11831,1.0,3,Rare,1.0,0.0
11840,1.0,5,Rare,1.0,0.0
11842,1.0,6,Rare,1.0,0.0
11856,1.0,3,Rare,1.0,0.0
11861,1.0,1,Rare,1.0,0.0
11863,1.0,9,Rare,1.0,0.0
11924,1.0,18,Commun,1.0,0.0
11929,1.0,1,Rare,1.0,0.0
11930,1.0,1,Rare,1.0,0.0
11935,1.0,1,Rare,1.0,0.0
11936,1.0,2,Rare,1.0,0.0
11937,1.0,3,Rare,1.0,0.0
11939,1.0,4,Rare,1.0,0.0
11943,1.0,1,Rare,1.0,0.0
11947,1.0,7,Commun,1.0,0.0
11950,1.0,3,Rare,1.0,0.0
12036,1.0,1,Rare,1.0,0.0
12086,1.0,4,Rare,1.0,0.0
12147,1.0,1,Rare,1.0,0.0
12168,1.0,4,Rare,1.0,0.0
12203,1.0,1,Rare,1.0,0.0
12229,0.9714285714285714,35,Commun,0.9714285714285714,0.0
12230,1.0,2,Rare,1.0,0.0
12255,1.0,3,Rare,1.0,0.0
12290,1.0,1,Rare,1.0,0.0
12356,1.0,7,Rare,1.0,0.0
12368,1.0,2,Rare,1.0,0.0
12376,1.0,3,Commun,1.0,0.0
12385,0.9375,16,Rare,0.9375,0.0
12487,1.0,4,Rare,1.0,0.0
12611,1.0,1,Rare,1.0,0.0
12613,1.0,1,Rare,1.0,0.0
12651,1.0,1,Rare,1.0,0.0
12751,1.0,2,Rare,1.0,0.0
12754,1.0,2,Rare,1.0,0.0
12776,1.0,1,Rare,1.0,0.0
12779,0.96,25,Commun,1.0,0.040000000000000036
12782,1.0,3,Rare,1.0,0.0
12796,1.0,6,Rare,1.0,0.0
12800,1.0,1,Rare,1.0,0.0
12836,1.0,1,Rare,0.0,-1.0
12925,1.0,1,Rare,1.0,0.0
12979,0.6666666666666666,3,Rare,0.6666666666666666,0.0
12981,1.0,1,Rare,1.0,0.0
13052,1.0,1,Rare,1.0,0.0
13057,1.0,1,Rare,1.0,0.0
13160,1.0,4,Rare,0.75,-0.25
13237,1.0,1,Rare,1.0,0.0
13271,1.0,15,Commun,1.0,0.0
13275,1.0,4,Rare,1.0,0.0
13280,0.8333333333333334,6,Rare,0.8333333333333334,0.0
13284,1.0,2,Rare,1.0,0.0
13310,1.0,1,Rare,1.0,0.0
13321,1.0,1,Rare,1.0,0.0
13524,1.0,2,Rare,1.0,0.0
13539,1.0,1,Rare,1.0,0.0
13542,1.0,5,Commun,1.0,0.0
13548,1.0,7,Rare,1.0,0.0
13557,0.6,5,Rare,0.6,0.0
13572,1.0,4,Rare,1.0,0.0
13577,1.0,1,Rare,1.0,0.0
13581,1.0,21,Commun,1.0,0.0
13589,1.0,42,Commun,1.0,0.0
13591,1.0,1,Rare,1.0,0.0
13610,0.3333333333333333,3,Rare,0.3333333333333333,0.0
13613,0.75,4,Rare,0.75,0.0
13620,1.0,2,Rare,1.0,0.0
13621,1.0,11,Commun,1.0,0.0
13651,0.9,10,Rare,0.9,0.0
13674,1.0,1,Rare,1.0,0.0
13711,1.0,9,Rare,1.0,0.0
13731,1.0,32,Commun,1.0,0.0
13733,1.0,2,Rare,1.0,0.0
13739,0.5,2,Rare,0.5,0.0
13761,1.0,2,Rare,1.0,0.0
13815,1.0,2,Rare,1.0,0.0
13864,1.0,1,Rare,1.0,0.0
13867,0.0,1,Rare,0.0,0.0
13870,1.0,10,Commun,1.0,0.0
13887,1.0,1,Rare,1.0,0.0
13888,1.0,1,Rare,1.0,0.0
13894,1.0,1,Rare,1.0,0.0
13902,1.0,1,Rare,1.0,0.0
13906,1.0,1,Rare,1.0,0.0
14068,1.0,1,Rare,1.0,0.0
14144,1.0,1,Rare,1.0,0.0
14149,1.0,1,Rare,1.0,0.0
14190,1.0,6,Rare,1.0,0.0
14207,1.0,14,Commun,1.0,0.0
14215,0.9230769230769231,13,Rare,0.9230769230769231,0.0
14224,1.0,35,Commun,1.0,0.0
14306,1.0,1,Rare,1.0,0.0
14313,1.0,2,Rare,1.0,0.0
14315,0.8,5,Rare,0.8,0.0
14320,1.0,1,Rare,1.0,0.0
14321,1.0,1,Rare,1.0,0.0
14329,1.0,1,Rare,1.0,0.0
14343,1.0,2,Rare,1.0,0.0
14347,1.0,5,Rare,1.0,0.0
14348,1.0,2,Rare,1.0,0.0
14355,1.0,2,Rare,1.0,0.0
14394,1.0,7,Rare,1.0,0.0
14413,1.0,1,Rare,1.0,0.0
14437,1.0,1,Rare,1.0,0.0
14463,1.0,5,Rare,1.0,0.0
14471,1.0,1,Rare,1.0,0.0
14481,1.0,6,Commun,1.0,0.0
14482,1.0,3,Rare,1.0,0.0
14654,1.0,1,Rare,1.0,0.0
14656,1.0,1,Rare,1.0,0.0
14658,1.0,1,Rare,1.0,0.0
14660,1.0,7,Rare,0.8571428571428571,-0.1428571428571429
14675,1.0,2,Rare,1.0,0.0
14753,1.0,3,Rare,1.0,0.0
14756,0.8,5,Rare,0.8,0.0
14757,0.0,1,Rare,0.0,0.0
14816,1.0,1,Rare,1.0,0.0
14938,0.0,1,Rare,0.0,0.0
14955,1.0,10,Rare,1.0,0.0
15003,1.0,2,Rare,1.0,0.0
15004,1.0,1,Rare,1.0,0.0
15155,1.0,6,Rare,1.0,0.0
15171,1.0,1,Rare,1.0,0.0
15177,1.0,5,Rare,1.0,0.0
15181,1.0,1,Rare,1.0,0.0
15184,1.0,6,Rare,1.0,0.0
15231,1.0,4,Commun,1.0,0.0
15268,0.9285714285714286,28,Commun,0.9285714285714286,0.0
15306,1.0,1,Rare,1.0,0.0
15353,1.0,1,Rare,1.0,0.0
15361,1.0,1,Rare,1.0,0.0
15371,1.0,7,Rare,1.0,0.0
15378,1.0,2,Rare,1.0,0.0
15443,1.0,1,Rare,1.0,0.0
15463,1.0,5,Rare,1.0,0.0
15466,1.0,1,Rare,1.0,0.0
15471,1.0,1,Rare,1.0,0.0
15494,1.0,1,Rare,1.0,0.0
15515,0.5,2,Rare,0.5,0.0
15590,1.0,6,Rare,1.0,0.0
15669,0.6666666666666666,3,Rare,0.6666666666666666,0.0
15676,1.0,3,Rare,1.0,0.0
15679,1.0,5,Rare,1.0,0.0
15696,1.0,1,Rare,1.0,0.0
15699,1.0,2,Rare,1.0,0.0
15704,1.0,12,Commun,1.0,0.0
15708,1.0,1,Rare,1.0,0.0
15710,1.0,2,Rare,1.0,0.0
15716,1.0,3,Rare,1.0,0.0
15745,1.0,8,Rare,1.0,0.0
15757,0.5833333333333334,12,Commun,0.5833333333333334,0.0
15762,1.0,14,Commun,1.0,0.0
15763,1.0,3,Rare,1.0,0.0
15768,0.9523809523809523,21,Commun,1.0,0.04761904761904767
15775,1.0,3,Rare,1.0,0.0
15784,1.0,5,Rare,1.0,0.0
15912,1.0,5,Rare,1.0,0.0
15917,1.0,8,Rare,1.0,0.0
15920,1.0,6,Commun,1.0,0.0
15922,1.0,3,Rare,1.0,0.0
15989,1.0,6,Commun,1.0,0.0
15990,1.0,1,Rare,1.0,0.0
15995,0.9523809523809523,21,Commun,1.0,0.04761904761904767
16116,1.0,1,Rare,1.0,0.0
16148,1.0,1,Rare,1.0,0.0
16159,1.0,1,Rare,1.0,0.0
16165,1.0,1,Rare,1.0,0.0
16166,1.0,1,Rare,1.0,0.0
16560,1.0,1,Rare,1.0,0.0
16617,1.0,3,Rare,1.0,0.0
16626,1.0,12,Rare,1.0,0.0
16637,1.0,2,Rare,1.0,0.0
16649,1.0,1,Rare,1.0,0.0
16653,1.0,7,Rare,1.0,0.0
16676,1.0,1,Rare,1.0,0.0
16683,1.0,2,Rare,1.0,0.0
16688,1.0,1,Rare,1.0,0.0
16697,1.0,1,Rare,1.0,0.0
16698,1.0,2,Rare,1.0,0.0
16746,0.0,3,Rare,0.0,0.0
16810,1.0,1,Rare,1.0,0.0
16990,1.0,3,Rare,1.0,0.0
16991,1.0,4,Rare,1.0,0.0
16993,1.0,1,Rare,1.0,0.0
16996,1.0,6,Rare,1.0,0.0
17002,1.0,30,Commun,1.0,0.0
17029,1.0,1,Rare,1.0,0.0
17085,1.0,4,Rare,1.0,0.0
17086,1.0,2,Rare,1.0,0.0
17132,1.0,15,Rare,1.0,0.0
17237,1.0,4,Rare,1.0,0.0
17306,1.0,1,Rare,1.0,0.0
17318,1.0,1,Rare,1.0,0.0
17388,1.0,9,Rare,1.0,0.0
17398,1.0,5,Rare,1.0,0.0
17414,1.0,21,Commun,1.0,0.0
17419,1.0,1,Rare,1.0,0.0
17563,1.0,1,Rare,1.0,0.0
17564,1.0,10,Rare,1.0,0.0
17649,1.0,2,Rare,1.0,0.0
17655,1.0,1,Rare,1.0,0.0
17657,1.0,6,Rare,1.0,0.0
17661,1.0,1,Rare,1.0,0.0
17714,1.0,2,Rare,1.0,0.0
17726,1.0,2,Rare,1.0,0.0
17745,1.0,4,Rare,0.75,-0.25
17758,1.0,2,Rare,1.0,0.0
17763,1.0,3,Rare,1.0,0.0
17854,1.0,1,Rare,1.0,0.0
17906,1.0,1,Rare,1.0,0.0
17936,1.0,1,Rare,1.0,0.0
17962,1.0,1,Rare,1.0,0.0
17983,1.0,4,Rare,1.0,0.0
18005,1.0,5,Rare,1.0,0.0
18015,1.0,3,Rare,1.0,0.0
18063,1.0,1,Rare,1.0,0.0
18076,1.0,1,Rare,1.0,0.0
18092,0.0,1,Rare,0.0,0.0
18098,1.0,6,Rare,1.0,0.0
18117,1.0,1,Rare,1.0,0.0
18135,1.0,1,Rare,1.0,0.0
18249,1.0,1,Rare,1.0,0.0
18387,1.0,6,Rare,1.0,0.0
18544,1.0,2,Rare,1.0,0.0
18621,1.0,1,Rare,1.0,0.0
18643,1.0,1,Rare,1.0,0.0
18662,1.0,16,Rare,1.0,0.0
18663,1.0,2,Rare,1.0,0.0
18705,1.0,1,Rare,1.0,0.0
18715,1.0,6,Rare,1.0,0.0
18716,1.0,1,Rare,1.0,0.0
18738,1.0,3,Rare,1.0,0.0
18740,1.0,2,Rare,1.0,0.0
18754,0.9047619047619048,21,Commun,1.0,0.09523809523809523
18809,1.0,2,Rare,1.0,0.0
18815,1.0,1,Rare,1.0,0.0
18817,1.0,2,Rare,1.0,0.0
18820,1.0,1,Rare,1.0,0.0
18948,0.0,1,Rare,0.0,0.0
19011,1.0,1,Rare,1.0,0.0
19037,1.0,1,Rare,1.0,0.0
19039,1.0,1,Rare,1.0,0.0
19110,1.0,2,Rare,1.0,0.0
19155,1.0,2,Rare,1.0,0.0
19344,1.0,1,Rare,1.0,0.0
19470,1.0,6,Rare,1.0,0.0
19472,1.0,2,Rare,1.0,0.0
19473,0.9705882352941176,34,Commun,0.9705882352941176,0.0
19478,1.0,1,Rare,1.0,0.0
19486,0.875,8,Rare,0.875,0.0
19491,1.0,7,Commun,1.0,0.0
19502,1.0,4,Rare,1.0,0.0
19521,1.0,2,Rare,1.0,0.0
19555,1.0,3,Rare,1.0,0.0
19562,1.0,7,Rare,1.0,0.0
19565,1.0,2,Rare,1.0,0.0
19566,1.0,2,Rare,1.0,0.0
19567,1.0,3,Rare,1.0,0.0
19583,1.0,1,Rare,1.0,0.0
19612,1.0,1,Rare,1.0,0.0
19614,1.0,1,Rare,1.0,0.0
19618,1.0,1,Rare,1.0,0.0
19619,1.0,1,Rare,1.0,0.0
19622,1.0,2,Rare,1.0,0.0
19687,1.0,6,Rare,1.0,0.0
19761,1.0,5,Rare,1.0,0.0
19773,1.0,1,Rare,1.0,0.0
19775,1.0,4,Rare,1.0,0.0
19804,1.0,6,Rare,1.0,0.0
19814,1.0,2,Rare,1.0,0.0
19822,1.0,1,Rare,1.0,0.0
19823,1.0,1,Rare,1.0,0.0
19841,1.0,1,Rare,1.0,0.0
19846,0.42857142857142855,7,Rare,0.42857142857142855,0.0
19848,1.0,1,Rare,1.0,0.0
19861,0.7142857142857143,7,Rare,0.7142857142857143,0.0
19889,1.0,4,Rare,1.0,0.0
19919,1.0,1,Rare,1.0,0.0
19921,1.0,3,Rare,1.0,0.0
19923,1.0,6,Rare,1.0,0.0
19927,1.0,9,Rare,1.0,0.0
20072,1.0,4,Rare,1.0,0.0
20077,1.0,1,Rare,1.0,0.0
20195,1.0,6,Rare,1.0,0.0
20196,1.0,12,Commun,1.0,0.0
20201,1.0,4,Rare,1.0,0.0
20208,1.0,2,Rare,1.0,0.0
20209,1.0,3,Rare,1.0,0.0
20210,1.0,1,Rare,1.0,0.0
20214,1.0,2,Rare,1.0,0.0
20237,1.0,1,Rare,1.0,0.0
20255,1.0,2,Rare,1.0,0.0
20261,1.0,5,Rare,1.0,0.0
20264,1.0,14,Rare,1.0,0.0
20293,0.8,5,Rare,0.8,0.0
20326,1.0,1,Rare,1.0,0.0
20333,1.0,2,Rare,1.0,0.0
20343,1.0,1,Rare,1.0,0.0
20344,1.0,1,Rare,1.0,0.0
20366,1.0,4,Rare,1.0,0.0
20376,0.0,1,Rare,0.0,0.0
20377,0.6666666666666666,3,Rare,0.6666666666666666,0.0
20400,1.0,1,Rare,1.0,0.0
20441,1.0,18,Commun,1.0,0.0
20467,1.0,5,Rare,1.0,0.0
20526,1.0,1,Rare,1.0,0.0
20532,1.0,13,Commun,1.0,0.0
20682,1.0,1,Rare,1.0,0.0
20688,1.0,1,Rare,1.0,0.0
21016,1.0,40,Commun,1.0,0.0
21018,0.6666666666666666,3,Rare,0.6666666666666666,0.0
21022,0.875,8,Rare,0.875,0.0
21041,1.0,37,Commun,1.0,0.0
21079,0.8888888888888888,9,Rare,0.8888888888888888,0.0
21160,1.0,18,Commun,1.0,0.0
21188,0.8823529411764706,17,Commun,0.9411764705882353,0.05882352941176472
21227,1.0,1,Rare,1.0,0.0
21231,1.0,2,Rare,1.0,0.0
21232,1.0,1,Rare,1.0,0.0
21239,1.0,1,Rare,1.0,0.0
21290,1.0,12,Rare,1.0,0.0
21310,1.0,4,Rare,1.0,0.0
21313,1.0,1,Rare,1.0,0.0
21341,1.0,6,Rare,1.0,0.0
21360,1.0,1,Rare,1.0,0.0
21394,1.0,3,Rare,1.0,0.0
21410,1.0,4,Rare,1.0,0.0
21431,1.0,3,Rare,1.0,0.0
21440,1.0,1,Rare,1.0,0.0
21441,1.0,4,Rare,1.0,0.0
21456,1.0,1,Rare,1.0,0.0
21469,1.0,3,Rare,1.0,0.0
21477,1.0,5,Rare,1.0,0.0
21517,1.0,4,Rare,0.75,-0.25
21518,1.0,1,Rare,1.0,0.0
21525,1.0,2,Rare,1.0,0.0
21526,1.0,7,Rare,1.0,0.0
21539,1.0,1,Rare,1.0,0.0
21551,1.0,2,Rare,1.0,0.0
21568,1.0,1,Rare,1.0,0.0
21617,1.0,5,Rare,1.0,0.0
21626,1.0,3,Rare,1.0,0.0
21629,1.0,4,Rare,1.0,0.0
21635,0.5,2,Rare,0.5,0.0
21713,0.0,1,Rare,0.0,0.0
21787,1.0,1,Rare,1.0,0.0
21790,1.0,1,Rare,1.0,0.0
21803,1.0,2,Rare,1.0,0.0
21816,1.0,53,Commun,1.0,0.0
21820,1.0,1,Rare,1.0,0.0
21825,1.0,2,Rare,1.0,0.0
21827,1.0,1,Rare,1.0,0.0
21868,1.0,5,Rare,1.0,0.0
21886,0.8571428571428571,7,Rare,0.8571428571428571,0.0
21959,1.0,4,Rare,1.0,0.0
21960,1.0,1,Rare,1.0,0.0
22021,1.0,3,Rare,1.0,0.0
22023,1.0,1,Rare,1.0,0.0
22069,1.0,1,Rare,1.0,0.0
22122,1.0,14,Commun,1.0,0.0
22154,0.0,4,Rare,0.0,0.0
22326,1.0,1,Rare,1.0,0.0
22330,1.0,1,Rare,1.0,0.0
22339,1.0,4,Rare,1.0,0.0
22340,1.0,2,Rare,1.0,0.0
22409,1.0,12,Rare,1.0,0.0
22456,1.0,2,Rare,1.0,0.0
22485,1.0,8,Commun,1.0,0.0
22502,1.0,5,Rare,1.0,0.0
22518,1.0,1,Rare,1.0,0.0
22532,1.0,5,Rare,1.0,0.0
22542,1.0,26,Commun,1.0,0.0
22552,1.0,3,Rare,1.0,0.0
22574,1.0,6,Rare,1.0,0.0
22699,1.0,6,Rare,1.0,0.0
22728,1.0,2,Rare,1.0,0.0
22787,1.0,9,Rare,1.0,0.0
22814,1.0,1,Rare,1.0,0.0
22819,1.0,1,Rare,1.0,0.0
22830,1.0,2,Rare,1.0,0.0
22832,1.0,2,Rare,1.0,0.0
22834,1.0,1,Rare,1.0,0.0
22836,1.0,1,Rare,1.0,0.0
22845,0.8181818181818182,11,Commun,0.9090909090909091,0.09090909090909083
22892,1.0,3,Rare,1.0,0.0
22903,1.0,1,Rare,1.0,0.0
22906,1.0,6,Rare,1.0,0.0
22916,1.0,1,Rare,1.0,0.0
22936,1.0,5,Rare,1.0,0.0
22943,1.0,26,Commun,1.0,0.0
22944,1.0,2,Rare,1.0,0.0
22953,1.0,2,Rare,1.0,0.0
22954,1.0,4,Rare,1.0,0.0
22964,1.0,1,Rare,1.0,0.0
22967,1.0,7,Rare,1.0,0.0
22974,1.0,1,Rare,1.0,0.0
22975,0.9166666666666666,12,Commun,0.9166666666666666,0.0
22981,1.0,2,Rare,1.0,0.0
22982,1.0,3,Rare,1.0,0.0
22987,1.0,3,Rare,1.0,0.0
22989,1.0,1,Rare,1.0,0.0
22990,0.9523809523809523,21,Commun,0.9523809523809523,0.0
23000,1.0,1,Rare,1.0,0.0
23005,1.0,1,Rare,1.0,0.0
23037,1.0,1,Rare,1.0,0.0
23045,1.0,7,Rare,1.0,0.0
23047,1.0,2,Rare,1.0,0.0
23053,1.0,7,Rare,0.8571428571428571,-0.1428571428571429
23064,1.0,1,Rare,1.0,0.0
23065,1.0,5,Rare,1.0,0.0
23070,1.0,1,Rare,1.0,0.0
23073,1.0,2,Rare,1.0,0.0
23080,1.0,1,Rare,1.0,0.0
23095,1.0,5,Rare,1.0,0.0
23317,1.0,3,Rare,1.0,0.0
23375,1.0,2,Rare,1.0,0.0
23377,1.0,1,Rare,1.0,0.0
23384,1.0,1,Rare,1.0,0.0
23392,1.0,1,Rare,1.0,0.0
23397,1.0,2,Rare,0.5,-0.5
23415,1.0,1,Rare,1.0,0.0
23422,1.0,1,Rare,1.0,0.0
23423,1.0,1,Rare,1.0,0.0
23425,0.9090909090909091,11,Commun,0.9090909090909091,0.0
23434,1.0,1,Rare,1.0,0.0
23445,1.0,1,Rare,1.0,0.0
23448,1.0,8,Rare,1.0,0.0
23453,1.0,2,Rare,1.0,0.0
23456,1.0,7,Rare,1.0,0.0
23458,1.0,1,Rare,1.0,0.0
23461,1.0,3,Rare,1.0,0.0
23463,1.0,1,Rare,1.0,0.0
23467,1.0,3,Rare,1.0,0.0
23469,1.0,3,Rare,1.0,0.0
23486,1.0,7,Commun,1.0,0.0
23492,1.0,4,Rare,1.0,0.0
23504,1.0,1,Rare,1.0,0.0
23508,1.0,1,Rare,1.0,0.0
23509,1.0,1,Rare,1.0,0.0
23510,1.0,2,Rare,1.0,0.0
23529,1.0,5,Rare,1.0,0.0
23545,1.0,12,Rare,0.9166666666666666,-0.08333333333333337
23557,1.0,3,Rare,1.0,0.0
23575,1.0,6,Rare,1.0,0.0
23624,1.0,1,Rare,1.0,0.0
23626,1.0,4,Rare,1.0,0.0
23629,1.0,1,Rare,1.0,0.0
23633,1.0,5,Rare,1.0,0.0
23640,1.0,1,Rare,1.0,0.0
23653,1.0,2,Rare,1.0,0.0
23654,1.0,5,Rare,1.0,0.0
23661,1.0,8,Commun,1.0,0.0
23666,1.0,3,Rare,1.0,0.0
23671,1.0,2,Rare,1.0,0.0
23673,1.0,5,Rare,1.0,0.0
23677,1.0,1,Rare,1.0,0.0
23681,1.0,2,Rare,1.0,0.0
23682,1.0,2,Rare,1.0,0.0
23683,1.0,2,Rare,1.0,0.0
23690,1.0,26,Commun,1.0,0.0
23692,1.0,5,Rare,1.0,0.0
23694,1.0,8,Commun,1.0,0.0
23705,1.0,8,Rare,1.0,0.0
23709,1.0,1,Rare,1.0,0.0
23759,1.0,3,Rare,1.0,0.0
23760,1.0,3,Rare,1.0,0.0
23763,1.0,4,Rare,1.0,0.0
23765,1.0,6,Rare,1.0,0.0
23770,1.0,7,Commun,1.0,0.0
23813,1.0,15,Commun,1.0,0.0
23835,1.0,2,Rare,1.0,0.0
23847,1.0,4,Commun,1.0,0.0
23871,1.0,1,Rare,1.0,0.0
23876,1.0,2,Rare,1.0,0.0
23886,1.0,1,Rare,1.0,0.0
23889,1.0,15,Commun,1.0,0.0
23891,1.0,2,Rare,1.0,0.0
23892,1.0,1,Rare,1.0,0.0
23894,1.0,25,Commun,1.0,0.0
23904,1.0,3,Rare,1.0,0.0
23926,1.0,4,Rare,1.0,0.0
23930,1.0,3,Rare,1.0,0.0
23931,1.0,2,Rare,1.0,0.0
23939,1.0,1,Rare,1.0,0.0
23941,1.0,4,Rare,1.0,0.0
23947,1.0,1,Rare,1.0,0.0
24005,1.0,1,Rare,1.0,0.0
24035,1.0,2,Rare,1.0,0.0
24121,1.0,1,Rare,1.0,0.0
24124,1.0,1,Rare,1.0,0.0
24341,0.0,1,Rare,0.0,0.0
24356,1.0,3,Rare,1.0,0.0
24415,1.0,1,Rare,1.0,0.0
24505,1.0,1,Rare,1.0,0.0
24695,1.0,3,Rare,0.6666666666666666,-0.33333333333333337
24760,1.0,13,Rare,1.0,0.0
24767,1.0,1,Rare,1.0,0.0
24841,1.0,5,Rare,1.0,0.0
24939,1.0,4,Rare,1.0,0.0
25106,1.0,3,Rare,1.0,0.0
25110,1.0,1,Rare,1.0,0.0
25300,0.0,1,Rare,0.0,0.0
25305,0.0,2,Rare,0.0,0.0
25346,0.9534883720930233,43,Commun,0.9767441860465116,0.023255813953488302
25407,0.0,1,Rare,0.0,0.0
25410,1.0,6,Rare,1.0,0.0
25414,1.0,1,Rare,1.0,0.0
25473,1.0,11,Rare,1.0,0.0
25478,1.0,1,Rare,1.0,0.0
25499,1.0,9,Commun,1.0,0.0
25500,1.0,2,Rare,1.0,0.0
25502,1.0,1,Rare,1.0,0.0
25513,1.0,2,Rare,1.0,0.0
25543,1.0,3,Rare,1.0,0.0
25615,1.0,11,Commun,1.0,0.0
25703,1.0,1,Rare,1.0,0.0
25738,1.0,1,Rare,1.0,0.0
25742,1.0,8,Commun,1.0,0.0
25775,1.0,38,Commun,1.0,0.0
25779,1.0,4,Rare,1.0,0.0
25781,1.0,1,Rare,1.0,0.0
25783,1.0,10,Rare,1.0,0.0
25793,1.0,1,Commun,1.0,0.0
25802,1.0,4,Rare,1.0,0.0
25813,1.0,4,Rare,1.0,0.0
25903,1.0,1,Rare,1.0,0.0
25965,0.425,40,Commun,0.425,0.0
26004,1.0,1,Rare,1.0,0.0
26006,1.0,15,Rare,1.0,0.0
26057,1.0,1,Rare,1.0,0.0
26071,1.0,1,Rare,1.0,0.0
26090,1.0,1,Rare,1.0,0.0
26100,0.6666666666666666,6,Rare,0.6666666666666666,0.0
26224,1.0,2,Rare,1.0,0.0
26318,1.0,1,Rare,1.0,0.0
26329,1.0,11,Rare,1.0,0.0
26342,1.0,15,Commun,1.0,0.0
26351,1.0,1,Rare,1.0,0.0
26384,1.0,4,Rare,1.0,0.0
26402,1.0,1,Rare,1.0,0.0
26414,1.0,5,Rare,1.0,0.0
26442,1.0,1,Rare,1.0,0.0
26452,1.0,1,Rare,1.0,0.0
26455,1.0,3,Rare,1.0,0.0
26495,1.0,13,Commun,1.0,0.0
26497,1.0,30,Commun,1.0,0.0
26526,1.0,3,Rare,1.0,0.0
26527,1.0,1,Rare,1.0,0.0
26528,1.0,5,Rare,1.0,0.0
26529,1.0,9,Rare,1.0,0.0
26542,1.0,7,Commun,1.0,0.0
26546,1.0,1,Rare,1.0,0.0
26639,0.6666666666666666,3,Rare,0.6666666666666666,0.0
26697,1.0,3,Rare,1.0,0.0
26704,1.0,4,Rare,1.0,0.0
26735,1.0,6,Rare,1.0,0.0
26739,1.0,1,Rare,1.0,0.0
26747,0.5,2,Rare,0.5,0.0
26748,1.0,4,Rare,1.0,0.0
26751,1.0,8,Rare,1.0,0.0
26752,0.6666666666666666,3,Rare,0.6666666666666666,0.0
26753,1.0,1,Rare,1.0,0.0
26786,1.0,1,Rare,1.0,0.0
26919,0.9444444444444444,18,Commun,0.9444444444444444,0.0
26974,1.0,1,Rare,1.0,0.0
26978,1.0,9,Commun,1.0,0.0
26982,1.0,1,Rare,1.0,0.0
26983,1.0,5,Rare,1.0,0.0
27028,0.7777777777777778,9,Commun,0.7777777777777778,0.0
27029,1.0,1,Rare,1.0,0.0
27031,1.0,1,Rare,1.0,0.0
27034,1.0,1,Rare,1.0,0.0
27068,1.0,1,Rare,1.0,0.0
27073,1.0,2,Rare,1.0,0.0
27125,0.6666666666666666,3,Rare,0.6666666666666666,0.0
27130,1.0,1,Rare,1.0,0.0
27134,1.0,5,Rare,1.0,0.0
27239,1.0,1,Rare,1.0,0.0
27279,1.0,2,Rare,1.0,0.0
27284,1.0,1,Rare,1.0,0.0
27300,1.0,1,Rare,1.0,0.0
27314,1.0,6,Rare,1.0,0.0
27328,1.0,3,Rare,1.0,0.0
27361,1.0,1,Rare,1.0,0.0
27366,1.0,1,Rare,1.0,0.0
27379,1.0,3,Rare,1.0,0.0
27385,1.0,1,Rare,1.0,0.0
27387,1.0,3,Rare,1.0,0.0
27392,1.0,2,Rare,1.0,0.0
27393,0.9090909090909091,11,Commun,1.0,0.09090909090909094
27404,1.0,1,Rare,1.0,0.0
27418,1.0,1,Rare,1.0,0.0
27452,1.0,1,Rare,1.0,0.0
27457,1.0,8,Commun,1.0,0.0
27525,1.0,2,Rare,1.0,0.0
27528,1.0,1,Rare,1.0,0.0
27533,1.0,2,Rare,1.0,0.0
27537,1.0,2,Rare,1.0,0.0
27541,1.0,1,Rare,1.0,0.0
27546,1.0,1,Rare,1.0,0.0
27570,1.0,30,Commun,1.0,0.0
27635,1.0,2,Rare,1.0,0.0
27652,1.0,3,Rare,1.0,0.0
27653,1.0,1,Rare,1.0,0.0
27666,1.0,26,Commun,1.0,0.0
27681,1.0,4,Rare,1.0,0.0
27685,1.0,6,Rare,1.0,0.0
27701,1.0,1,Rare,1.0,0.0
27746,1.0,1,Rare,1.0,0.0
27909,0.0,1,Rare,0.0,0.0
27927,0.5,2,Rare,0.5,0.0
27981,1.0,2,Rare,1.0,0.0
28015,1.0,3,Rare,1.0,0.0
28102,1.0,5,Rare,1.0,0.0
28133,0.75,4,Rare,0.75,0.0
28138,1.0,4,Rare,1.0,0.0
28151,1.0,1,Rare,1.0,0.0
28155,1.0,1,Rare,1.0,0.0
28163,1.0,9,Rare,1.0,0.0
28169,1.0,2,Rare,1.0,0.0
28198,1.0,5,Rare,1.0,0.0
28211,1.0,1,Rare,1.0,0.0
28214,0.8,5,Rare,0.8,0.0
28247,1.0,2,Rare,1.0,0.0
28313,1.0,1,Rare,1.0,0.0
28315,1.0,1,Rare,1.0,0.0
28326,1.0,1,Rare,1.0,0.0
28345,1.0,1,Rare,1.0,0.0
28397,1.0,1,Rare,1.0,0.0
28450,1.0,3,Rare,1.0,0.0
28463,0.75,4,Rare,0.75,0.0
28465,1.0,4,Rare,1.0,0.0
28467,1.0,1,Rare,1.0,0.0
28475,1.0,2,Rare,1.0,0.0
28477,1.0,2,Rare,1.0,0.0
28479,1.0,1,Rare,1.0,0.0
28482,1.0,2,Rare,1.0,0.0
28491,0.9230769230769231,13,Commun,0.9230769230769231,0.0
28534,1.0,5,Rare,1.0,0.0
28537,1.0,4,Rare,1.0,0.0
28565,1.0,5,Rare,1.0,0.0
28567,0.0,1,Rare,0.0,0.0
28568,1.0,6,Rare,1.0,0.0
28575,1.0,1,Rare,1.0,0.0
28645,1.0,1,Rare,1.0,0.0
28648,1.0,14,Commun,1.0,0.0
28667,1.0,1,Rare,1.0,0.0
28668,1.0,2,Rare,1.0,0.0
28680,1.0,1,Rare,1.0,0.0
28685,1.0,1,Rare,1.0,0.0
28694,1.0,3,Rare,1.0,0.0
28735,1.0,1,Rare,1.0,0.0
28772,0.9583333333333334,24,Commun,0.9583333333333334,0.0
28788,1.0,20,Commun,1.0,0.0
28789,1.0,6,Rare,1.0,0.0
28806,1.0,1,Rare,1.0,0.0
28929,1.0,1,Rare,1.0,0.0
28935,1.0,2,Rare,1.0,0.0
29001,0.0,1,Rare,0.0,0.0
29012,1.0,1,Rare,1.0,0.0
29076,1.0,3,Rare,1.0,0.0
29077,1.0,3,Rare,1.0,0.0
29101,1.0,1,Rare,1.0,0.0
29153,1.0,4,Rare,1.0,0.0
29155,1.0,1,Rare,1.0,0.0
29162,1.0,1,Rare,1.0,0.0
29166,1.0,1,Rare,1.0,0.0
29203,1.0,1,Rare,1.0,0.0
29233,1.0,6,Rare,1.0,0.0
29257,1.0,1,Rare,1.0,0.0
29329,1.0,5,Rare,1.0,0.0
29382,1.0,4,Rare,1.0,0.0
29385,1.0,9,Rare,1.0,0.0
29389,0.5,2,Rare,0.0,-0.5
29390,1.0,8,Rare,1.0,0.0
29395,1.0,8,Rare,1.0,0.0
29444,1.0,5,Rare,1.0,0.0
29465,1.0,7,Rare,1.0,0.0
29468,1.0,1,Rare,1.0,0.0
29472,1.0,6,Commun,1.0,0.0
29473,1.0,14,Commun,1.0,0.0
29478,1.0,1,Rare,1.0,0.0
29479,1.0,28,Commun,1.0,0.0
29481,0.75,4,Rare,0.75,0.0
29482,1.0,9,Commun,1.0,0.0
29485,0.9629629629629629,27,Commun,1.0,0.03703703703703709
29530,0.9375,16,Commun,1.0,0.0625
29575,1.0,9,Commun,1.0,0.0
29578,0.8571428571428571,7,Rare,0.8571428571428571,0.0
29600,1.0,5,Rare,1.0,0.0
29603,1.0,3,Rare,1.0,0.0
29666,1.0,11,Commun,1.0,0.0
29667,1.0,3,Rare,1.0,0.0
29671,1.0,1,Rare,1.0,0.0
29672,1.0,1,Rare,1.0,0.0
29676,1.0,3,Rare,1.0,0.0
29695,1.0,14,Rare,1.0,0.0
29699,1.0,6,Rare,1.0,0.0
29706,1.0,1,Rare,1.0,0.0
29712,0.3333333333333333,3,Rare,0.3333333333333333,0.0
29715,1.0,1,Rare,1.0,0.0
29718,0.6666666666666666,3,Rare,0.6666666666666666,0.0
29726,1.0,3,Rare,1.0,0.0
29727,1.0,2,Rare,1.0,0.0
29730,1.0,1,Rare,1.0,0.0
29736,1.0,4,Rare,1.0,0.0
29764,1.0,17,Commun,1.0,0.0
29766,1.0,3,Rare,1.0,0.0
29773,1.0,4,Rare,1.0,0.0
29777,1.0,3,Rare,1.0,0.0
29787,1.0,13,Commun,1.0,0.0
29852,1.0,1,Rare,1.0,0.0
29869,1.0,5,Rare,1.0,0.0
29899,1.0,2,Rare,1.0,0.0
29929,1.0,2,Rare,1.0,0.0
29933,1.0,1,Rare,1.0,0.0
29949,1.0,2,Rare,1.0,0.0
29950,1.0,3,Rare,1.0,0.0
30021,0.6666666666666666,3,Rare,0.6666666666666666,0.0
30030,1.0,11,Rare,1.0,0.0
30035,1.0,3,Rare,1.0,0.0
30054,1.0,1,Rare,1.0,0.0
30276,1.0,4,Rare,1.0,0.0
30282,1.0,4,Rare,1.0,0.0
30293,0.0,1,Rare,0.0,0.0
30310,0.8333333333333334,6,Rare,0.8333333333333334,0.0
30350,1.0,2,Rare,1.0,0.0
30352,1.0,9,Rare,1.0,0.0
30353,1.0,1,Rare,1.0,0.0
30409,0.75,8,Rare,0.75,0.0
30452,1.0,1,Rare,1.0,0.0
30573,1.0,1,Rare,1.0,0.0
30575,1.0,3,Rare,1.0,0.0
30583,0.9375,16,Commun,0.9375,0.0
30592,1.0,1,Rare,1.0,0.0
30619,1.0,20,Commun,1.0,0.0
30634,0.6666666666666666,3,Rare,0.6666666666666666,0.0
30651,1.0,4,Rare,1.0,0.0
30673,1.0,18,Rare,1.0,0.0
30678,1.0,4,Rare,1.0,0.0
30689,1.0,1,Rare,1.0,0.0
30692,1.0,1,Rare,1.0,0.0
30756,1.0,1,Rare,1.0,0.0
30769,1.0,1,Rare,1.0,0.0
30796,1.0,1,Rare,1.0,0.0
30797,1.0,2,Rare,1.0,0.0
30811,1.0,5,Commun,1.0,0.0
30814,1.0,1,Rare,1.0,0.0
30844,1.0,2,Rare,1.0,0.0
30851,1.0,9,Commun,1.0,0.0
30860,1.0,3,Rare,1.0,0.0
30864,1.0,1,Rare,1.0,0.0
30870,0.9411764705882353,17,Commun,0.9411764705882353,0.0
30923,1.0,2,Rare,1.0,0.0
30936,1.0,2,Rare,1.0,0.0
30941,1.0,1,Rare,1.0,0.0
30945,1.0,9,Rare,1.0,0.0
30949,1.0,1,Rare,1.0,0.0
30967,1.0,2,Rare,1.0,0.0
30971,1.0,6,Rare,1.0,0.0
30975,1.0,1,Rare,1.0,0.0
30984,1.0,3,Rare,1.0,0.0
30985,1.0,5,Rare,1.0,0.0
30989,1.0,5,Rare,1.0,0.0
30991,1.0,5,Rare,1.0,0.0
30994,1.0,1,Rare,1.0,0.0
30997,1.0,1,Rare,1.0,0.0
31055,0.0,5,Rare,0.0,0.0
31062,1.0,1,Rare,1.0,0.0
31063,1.0,2,Rare,1.0,0.0
31066,1.0,8,Rare,1.0,0.0
31278,1.0,6,Rare,1.0,0.0
31336,1.0,3,Rare,1.0,0.0
31429,1.0,1,Rare,1.0,0.0
31455,1.0,2,Rare,1.0,0.0
31489,1.0,8,Commun,1.0,0.0
31511,1.0,1,Rare,1.0,0.0
31515,1.0,1,Rare,1.0,0.0
31519,1.0,1,Rare,1.0,0.0
31520,1.0,3,Rare,1.0,0.0
31608,1.0,1,Rare,1.0,0.0
31646,1.0,2,Rare,1.0,0.0
31651,1.0,1,Rare,1.0,0.0
31662,1.0,4,Rare,1.0,0.0
31665,1.0,1,Rare,1.0,0.0
31674,1.0,12,Rare,1.0,0.0
31676,1.0,1,Rare,1.0,0.0
31677,1.0,2,Rare,1.0,0.0
31691,1.0,10,Rare,1.0,0.0
31701,0.0,1,Rare,0.0,0.0
31704,1.0,1,Rare,1.0,0.0
31711,1.0,16,Commun,1.0,0.0
31757,1.0,1,Rare,1.0,0.0
31774,0.9523809523809523,21,Commun,0.9523809523809523,0.0
31777,0.625,8,Rare,0.625,0.0
31791,0.6,5,Rare,0.6,0.0
31803,1.0,3,Rare,1.0,0.0
31811,1.0,1,Rare,1.0,0.0
31866,1.0,2,Rare,1.0,0.0
31879,1.0,2,Rare,1.0,0.0
31880,1.0,2,Rare,1.0,0.0
31919,1.0,11,Commun,1.0,0.0
31920,1.0,2,Rare,1.0,0.0
31928,1.0,1,Rare,0.0,-1.0
31970,1.0,1,Rare,1.0,0.0
31991,1.0,5,Rare,1.0,0.0
32025,1.0,1,Rare,1.0,0.0
32029,1.0,1,Rare,1.0,0.0
32033,1.0,2,Rare,1.0,0.0
32037,1.0,3,Rare,1.0,0.0
32043,1.0,1,Rare,1.0,0.0
32048,1.0,3,Rare,1.0,0.0
32065,0.0,4,Rare,0.0,0.0
32080,1.0,1,Rare,1.0,0.0
32113,1.0,1,Rare,1.0,0.0
32116,1.0,1,Rare,1.0,0.0
32117,1.0,1,Rare,1.0,0.0
32137,1.0,4,Rare,1.0,0.0
32190,0.9,10,Commun,0.9,0.0
32199,1.0,2,Rare,1.0,0.0
32200,1.0,2,Rare,1.0,0.0
32205,1.0,3,Rare,1.0,0.0
32206,1.0,1,Rare,1.0,0.0
32212,1.0,2,Rare,1.0,0.0
32213,1.0,2,Rare,1.0,0.0
32215,1.0,3,Rare,1.0,0.0
32220,1.0,1,Rare,1.0,0.0
32224,1.0,8,Rare,1.0,0.0
32243,1.0,2,Rare,1.0,0.0
32248,1.0,21,Commun,1.0,0.0
32251,1.0,1,Rare,1.0,0.0
32380,1.0,6,Rare,1.0,0.0
32521,1.0,8,Rare,1.0,0.0
32531,1.0,1,Rare,1.0,0.0
32550,1.0,1,Rare,1.0,0.0
32579,1.0,1,Rare,1.0,0.0
32708,0.3333333333333333,6,Rare,0.3333333333333333,0.0
32727,0.75,4,Rare,0.75,0.0
32743,0.75,8,Rare,0.75,0.0
32744,1.0,7,Rare,1.0,0.0
32752,1.0,5,Rare,1.0,0.0
32755,1.0,4,Rare,1.0,0.0
32758,1.0,1,Rare,1.0,0.0
32765,1.0,1,Rare,1.0,0.0
32766,0.75,4,Rare,0.75,0.0
32770,0.9333333333333333,15,Commun,1.0,0.06666666666666665
33119,1.0,1,Rare,1.0,0.0
33213,1.0,1,Rare,1.0,0.0
33214,1.0,1,Rare,1.0,0.0
33223,1.0,1,Rare,1.0,0.0
33224,1.0,2,Rare,1.0,0.0
33232,1.0,5,Rare,1.0,0.0
33424,1.0,2,Rare,1.0,0.0
33425,1.0,3,Rare,1.0,0.0
33436,0.8,5,Rare,0.8,0.0
33437,1.0,1,Rare,1.0,0.0
33439,1.0,1,Rare,1.0,0.0
33448,1.0,2,Rare,1.0,0.0
33454,1.0,9,Rare,0.7777777777777778,-0.2222222222222222
33593,1.0,1,Rare,1.0,0.0
33596,1.0,1,Rare,1.0,0.0
33602,1.0,1,Rare,1.0,0.0
33603,1.0,6,Rare,1.0,0.0
33605,1.0,3,Rare,1.0,0.0
33633,1.0,9,Rare,1.0,0.0
33646,1.0,1,Rare,1.0,0.0
33689,1.0,6,Rare,1.0,0.0
33693,1.0,1,Rare,1.0,0.0
33696,1.0,4,Rare,1.0,0.0
33701,1.0,1,Rare,1.0,0.0
33732,1.0,4,Rare,1.0,0.0
33733,1.0,16,Commun,1.0,0.0
33814,1.0,14,Rare,1.0,0.0
33817,1.0,1,Rare,1.0,0.0
33820,1.0,5,Rare,1.0,0.0
33823,1.0,4,Rare,1.0,0.0
33825,1.0,2,Rare,1.0,0.0
33826,1.0,4,Rare,1.0,0.0
33857,1.0,1,Rare,1.0,0.0
33859,1.0,9,Commun,1.0,0.0
33866,1.0,3,Rare,1.0,0.0
33867,1.0,1,Rare,1.0,0.0
33909,1.0,1,Rare,1.0,0.0
33941,1.0,1,Rare,1.0,0.0
33983,1.0,3,Rare,1.0,0.0
34001,1.0,1,Rare,1.0,0.0
34261,1.0,3,Rare,1.0,0.0
34345,1.0,2,Rare,1.0,0.0
34452,1.0,1,Rare,1.0,0.0
34548,0.0,1,Rare,0.0,0.0
34555,1.0,1,Rare,1.0,0.0
34571,1.0,12,Commun,1.0,0.0
34590,1.0,1,Rare,1.0,0.0
34600,1.0,7,Rare,1.0,0.0
34641,1.0,1,Rare,1.0,0.0
34657,1.0,2,Rare,1.0,0.0
34666,1.0,1,Rare,1.0,0.0
34672,1.0,1,Rare,1.0,0.0
34745,1.0,1,Rare,1.0,0.0
34817,1.0,2,Rare,1.0,0.0
34828,1.0,3,Rare,1.0,0.0
34854,1.0,1,Rare,1.0,0.0
34985,1.0,3,Rare,1.0,0.0
34993,1.0,2,Rare,1.0,0.0
35108,1.0,1,Rare,1.0,0.0
35155,1.0,1,Rare,1.0,0.0
35160,1.0,10,Rare,1.0,0.0
35161,1.0,2,Rare,1.0,0.0
35162,0.85,20,Commun,0.85,0.0
35170,1.0,15,Commun,1.0,0.0
35236,1.0,1,Rare,1.0,0.0
35240,1.0,5,Rare,1.0,0.0
35243,1.0,4,Rare,1.0,0.0
35252,1.0,1,Rare,1.0,0.0
35265,1.0,1,Rare,1.0,0.0
35267,1.0,1,Rare,1.0,0.0
35277,1.0,1,Rare,1.0,0.0
35416,1.0,4,Rare,1.0,0.0
35460,1.0,10,Rare,1.0,0.0
35511,1.0,6,Rare,1.0,0.0
35513,1.0,2,Rare,1.0,0.0
35521,1.0,13,Rare,1.0,0.0
35528,0.0,1,Rare,0.0,0.0
35535,1.0,1,Rare,1.0,0.0
35537,1.0,4,Commun,1.0,0.0
35538,1.0,11,Commun,1.0,0.0
35543,1.0,3,Rare,1.0,0.0
35544,1.0,4,Commun,1.0,0.0
35560,1.0,1,Rare,1.0,0.0
35567,1.0,1,Rare,1.0,0.0
35592,1.0,2,Rare,1.0,0.0
35646,1.0,3,Rare,1.0,0.0
35759,1.0,1,Rare,1.0,0.0
35767,1.0,2,Rare,1.0,0.0
35840,1.0,4,Rare,1.0,0.0
35842,1.0,1,Rare,1.0,0.0
35843,1.0,5,Rare,1.0,0.0
35844,1.0,9,Commun,1.0,0.0
35854,1.0,2,Rare,1.0,0.0
35855,1.0,9,Commun,1.0,0.0
35931,1.0,2,Rare,1.0,0.0
35938,1.0,1,Rare,1.0,0.0
35987,1.0,22,Commun,1.0,0.0
36011,1.0,1,Rare,1.0,0.0
36023,1.0,2,Rare,1.0,0.0
36040,1.0,2,Rare,1.0,0.0
36074,1.0,1,Rare,1.0,0.0
36075,1.0,22,Commun,1.0,0.0
36078,1.0,1,Rare,1.0,0.0
36100,1.0,4,Rare,1.0,0.0
36109,0.5,2,Rare,0.5,0.0
36111,1.0,1,Rare,1.0,0.0
36146,1.0,1,Rare,1.0,0.0
36234,1.0,2,Rare,1.0,0.0
36258,0.0,1,Rare,0.0,0.0
36349,0.875,8,Rare,0.875,0.0
36478,1.0,1,Rare,1.0,0.0
36492,1.0,1,Rare,1.0,0.0
36500,1.0,6,Rare,1.0,0.0
36503,1.0,3,Rare,1.0,0.0
36532,1.0,3,Rare,1.0,0.0
36543,1.0,1,Rare,1.0,0.0
36553,1.0,7,Rare,1.0,0.0
36567,1.0,1,Rare,1.0,0.0
36568,1.0,2,Rare,1.0,0.0
36579,0.8,5,Rare,0.8,0.0
36601,1.0,1,Rare,1.0,0.0
36604,1.0,3,Rare,1.0,0.0
36646,1.0,12,Commun,1.0,0.0
36704,1.0,1,Rare,1.0,0.0
36705,0.6666666666666666,3,Rare,0.6666666666666666,0.0
36760,1.0,1,Rare,1.0,0.0
36779,1.0,17,Commun,1.0,0.0
36794,1.0,1,Rare,1.0,0.0
36796,1.0,1,Rare,1.0,0.0
36800,1.0,4,Rare,1.0,0.0
36802,1.0,5,Rare,1.0,0.0
36810,1.0,4,Rare,1.0,0.0
36812,1.0,2,Rare,1.0,0.0
36816,1.0,6,Rare,1.0,0.0
36823,1.0,1,Rare,1.0,0.0
36836,1.0,1,Rare,1.0,0.0
36839,1.0,1,Rare,1.0,0.0
36857,1.0,1,Rare,1.0,0.0
36866,1.0,2,Rare,1.0,0.0
36899,1.0,8,Rare,1.0,0.0
36913,1.0,31,Commun,1.0,0.0
36921,1.0,3,Rare,1.0,0.0
36931,1.0,6,Rare,1.0,0.0
36932,0.875,8,Rare,0.875,0.0
36934,1.0,8,Rare,1.0,0.0
36939,0.0,1,Rare,0.0,0.0
36940,1.0,13,Commun,1.0,0.0
36942,1.0,1,Rare,1.0,0.0
36947,1.0,14,Commun,1.0,0.0
36948,0.0,1,Rare,0.0,0.0
36949,1.0,4,Rare,1.0,0.0
36950,1.0,20,Commun,1.0,0.0
36952,1.0,4,Rare,1.0,0.0
36958,1.0,11,Rare,1.0,0.0
36960,1.0,1,Rare,1.0,0.0
36961,1.0,2,Rare,1.0,0.0
36964,1.0,2,Rare,1.0,0.0
36970,1.0,1,Rare,1.0,0.0
36978,1.0,1,Rare,1.0,0.0
37005,1.0,8,Rare,1.0,0.0
37055,1.0,1,Rare,1.0,0.0
37078,1.0,1,Rare,1.0,0.0
37084,1.0,10,Commun,1.0,0.0
37089,1.0,6,Rare,1.0,0.0
37092,1.0,32,Commun,1.0,0.0
37094,1.0,47,Commun,1.0,0.0
37096,1.0,1,Rare,1.0,0.0
37098,1.0,1,Rare,1.0,0.0
37099,1.0,2,Rare,1.0,0.0
37102,1.0,45,Commun,1.0,0.0
37103,1.0,1,Rare,1.0,0.0
37105,0.9565217391304348,23,Commun,0.9565217391304348,0.0
37106,1.0,1,Rare,1.0,0.0
37112,1.0,1,Rare,1.0,0.0
37148,0.0,1,Rare,0.0,0.0
37187,1.0,18,Commun,1.0,0.0
37198,1.0,2,Rare,1.0,0.0
37262,1.0,4,Rare,1.0,0.0
37271,1.0,2,Rare,1.0,0.0
37273,1.0,1,Rare,1.0,0.0
37280,1.0,2,Rare,1.0,0.0
37289,1.0,8,Rare,1.0,0.0
37293,1.0,1,Rare,1.0,0.0
37294,1.0,1,Rare,1.0,0.0
37296,1.0,1,Rare,1.0,0.0
37298,1.0,1,Rare,1.0,0.0
37308,1.0,1,Rare,1.0,0.0
37319,1.0,1,Rare,1.0,0.0
37324,0.8,5,Rare,0.8,0.0
37336,1.0,2,Rare,1.0,0.0
37339,1.0,1,Rare,1.0,0.0
37342,1.0,2,Rare,1.0,0.0
37348,1.0,2,Rare,1.0,0.0
37350,1.0,1,Rare,0.0,-1.0
37355,1.0,1,Rare,1.0,0.0
37358,1.0,1,Rare,1.0,0.0
37376,1.0,3,Rare,1.0,0.0
37435,1.0,1,Rare,1.0,0.0
37456,1.0,3,Rare,1.0,0.0
37464,0.5,4,Rare,0.5,0.0
37476,1.0,2,Rare,1.0,0.0
37480,1.0,9,Rare,1.0,0.0
37551,1.0,8,Commun,1.0,0.0
37555,0.8,5,Rare,0.8,0.0
37569,1.0,2,Rare,1.0,0.0
37572,1.0,1,Rare,1.0,0.0
37602,0.6666666666666666,3,Rare,0.6666666666666666,0.0
37623,1.0,5,Rare,1.0,0.0
37697,1.0,1,Rare,1.0,0.0
37698,1.0,1,Rare,1.0,0.0
37721,1.0,3,Rare,1.0,0.0
37729,1.0,2,Rare,1.0,0.0
37736,1.0,3,Rare,1.0,0.0
37742,1.0,2,Rare,1.0,0.0
37743,1.0,1,Rare,1.0,0.0
37859,1.0,1,Rare,1.0,0.0
37897,0.8571428571428571,7,Commun,1.0,0.1428571428571429
38044,1.0,3,Rare,1.0,0.0
38047,1.0,2,Rare,1.0,0.0
38048,1.0,8,Commun,1.0,0.0
38091,1.0,1,Rare,1.0,0.0
38092,1.0,9,Rare,1.0,0.0
38193,1.0,1,Rare,1.0,0.0
38200,0.5,2,Rare,0.5,0.0
38204,1.0,3,Rare,0.3333333333333333,-0.6666666666666667
38222,1.0,10,Commun,1.0,0.0
38225,1.0,6,Rare,1.0,0.0
38352,1.0,1,Rare,1.0,0.0
38354,1.0,1,Rare,1.0,0.0
38371,1.0,6,Rare,1.0,0.0
38374,1.0,1,Rare,1.0,0.0
38387,1.0,13,Commun,1.0,0.0
38426,1.0,23,Commun,1.0,0.0
38488,1.0,2,Rare,1.0,0.0
38491,1.0,1,Rare,1.0,0.0
38496,1.0,2,Rare,1.0,0.0
38534,0.3333333333333333,3,Rare,0.3333333333333333,0.0
38535,1.0,4,Rare,1.0,0.0
38537,1.0,4,Rare,1.0,0.0
38547,1.0,3,Rare,1.0,0.0
38596,1.0,14,Commun,1.0,0.0
38611,1.0,2,Rare,1.0,0.0
38716,1.0,5,Rare,1.0,0.0
38777,0.8571428571428571,7,Rare,0.8571428571428571,0.0
38913,1.0,2,Rare,1.0,0.0
38934,1.0,5,Rare,1.0,0.0
38957,1.0,1,Rare,1.0,0.0
38966,1.0,2,Rare,1.0,0.0
38968,1.0,3,Rare,1.0,0.0
38969,1.0,1,Rare,1.0,0.0
39035,1.0,1,Rare,1.0,0.0
39046,1.0,1,Rare,1.0,0.0
39105,1.0,2,Rare,1.0,0.0
39315,0.0,1,Rare,0.0,0.0
39324,1.0,3,Rare,1.0,0.0
39327,1.0,1,Rare,1.0,0.0
39328,1.0,1,Rare,1.0,0.0
39329,1.0,2,Rare,1.0,0.0
39564,1.0,1,Rare,1.0,0.0
39609,1.0,10,Rare,1.0,0.0
39612,1.0,1,Rare,1.0,0.0
39618,1.0,2,Rare,1.0,0.0
39662,1.0,7,Rare,1.0,0.0
39665,0.5,2,Rare,0.5,0.0
39669,1.0,2,Rare,1.0,0.0
39670,1.0,4,Rare,1.0,0.0
39684,1.0,1,Rare,1.0,0.0
39715,1.0,4,Rare,1.0,0.0
39724,0.6666666666666666,3,Rare,0.6666666666666666,0.0
39725,0.8,10,Rare,0.8,0.0
39730,0.0,1,Rare,0.0,0.0
39746,0.4,5,Rare,0.4,0.0
39754,1.0,2,Rare,1.0,0.0
39776,1.0,1,Rare,1.0,0.0
39843,1.0,19,Commun,1.0,0.0
39862,1.0,1,Rare,1.0,0.0
39888,0.6666666666666666,3,Rare,0.6666666666666666,0.0
39900,1.0,2,Rare,1.0,0.0
39954,1.0,1,Rare,1.0,0.0
39989,1.0,14,Rare,1.0,0.0
40030,1.0,7,Rare,1.0,0.0
40031,1.0,8,Rare,1.0,0.0
40176,0.0,1,Rare,0.0,0.0
40203,1.0,2,Rare,1.0,0.0
40221,1.0,5,Rare,1.0,0.0
40223,1.0,6,Rare,1.0,0.0
40231,1.0,1,Rare,1.0,0.0
40237,1.0,1,Rare,1.0,0.0
40239,1.0,1,Rare,1.0,0.0
40274,0.5,2,Rare,0.5,0.0
40295,1.0,1,Rare,1.0,0.0
40340,0.0,2,Rare,0.0,0.0
40359,0.875,8,Rare,0.875,0.0
40525,1.0,1,Rare,1.0,0.0
40545,0.0,1,Rare,0.0,0.0
40571,1.0,1,Rare,1.0,0.0
40603,1.0,1,Rare,1.0,0.0
40606,1.0,1,Rare,1.0,0.0
40610,1.0,1,Rare,1.0,0.0
40614,1.0,5,Rare,1.0,0.0
40618,1.0,3,Rare,1.0,0.0
40619,1.0,1,Rare,1.0,0.0
40624,1.0,1,Rare,1.0,0.0
40626,1.0,5,Commun,1.0,0.0
40630,0.95,20,Commun,1.0,0.050000000000000044
40649,0.9523809523809523,21,Rare,0.9523809523809523,0.0
40672,1.0,1,Rare,1.0,0.0
40677,1.0,1,Rare,1.0,0.0
40692,1.0,1,Rare,1.0,0.0
40717,0.8181818181818182,11,Commun,0.8181818181818182,0.0
40764,1.0,2,Rare,1.0,0.0
40794,1.0,1,Rare,1.0,0.0
40815,0.7272727272727273,11,Rare,0.7272727272727273,0.0
40816,1.0,1,Rare,1.0,0.0
40884,1.0,1,Rare,1.0,0.0
40928,1.0,3,Rare,1.0,0.0
40936,1.0,1,Rare,1.0,0.0
40937,1.0,1,Rare,1.0,0.0
40950,1.0,4,Rare,1.0,0.0
40968,0.6666666666666666,3,Rare,0.6666666666666666,0.0
40986,1.0,10,Commun,1.0,0.0
41006,0.8,5,Rare,0.8,0.0
41009,0.5,4,Rare,0.5,0.0
41010,0.5,2,Rare,0.5,0.0
41018,1.0,3,Rare,1.0,0.0
41019,1.0,3,Rare,1.0,0.0
41031,1.0,1,Rare,1.0,0.0
41034,1.0,1,Rare,1.0,0.0
41035,1.0,15,Commun,1.0,0.0
41043,1.0,1,Rare,1.0,0.0
41254,1.0,26,Commun,1.0,0.0
41256,1.0,15,Commun,1.0,0.0
41257,1.0,3,Rare,1.0,0.0
41259,1.0,2,Rare,1.0,0.0
41260,1.0,1,Rare,1.0,0.0
41335,1.0,1,Rare,1.0,0.0
41377,1.0,1,Rare,1.0,0.0
41378,1.0,21,Commun,1.0,0.0
41380,1.0,1,Rare,1.0,0.0
41460,1.0,1,Rare,1.0,0.0
41463,1.0,2,Rare,1.0,0.0
41475,1.0,3,Rare,1.0,0.0
41481,1.0,6,Rare,1.0,0.0
41482,1.0,1,Rare,1.0,0.0
41492,1.0,1,Rare,1.0,0.0
41493,1.0,1,Rare,1.0,0.0
41494,0.92,25,Commun,0.92,0.0
41496,0.8888888888888888,9,Commun,0.8888888888888888,0.0
41498,1.0,4,Rare,1.0,0.0
41500,1.0,2,Rare,1.0,0.0
41501,1.0,3,Rare,1.0,0.0
41512,1.0,3,Rare,1.0,0.0
41518,1.0,4,Rare,1.0,0.0
41526,1.0,1,Rare,1.0,0.0
41528,1.0,12,Commun,1.0,0.0
41531,1.0,14,Rare,1.0,0.0
41560,1.0,3,Rare,1.0,0.0
41561,1.0,2,Rare,1.0,0.0
41594,1.0,9,Rare,1.0,0.0
41595,1.0,1,Rare,1.0,0.0
41653,0.0,1,Rare,0.0,0.0
41854,1.0,13,Rare,1.0,0.0
41856,1.0,1,Rare,1.0,0.0
41861,1.0,3,Rare,1.0,0.0
41867,1.0,1,Rare,1.0,0.0
41870,1.0,4,Rare,1.0,0.0
41881,1.0,4,Rare,1.0,0.0
41925,1.0,3,Rare,1.0,0.0
42013,1.0,2,Rare,1.0,0.0
42103,1.0,1,Rare,1.0,0.0
42116,1.0,2,Rare,1.0,0.0
42127,0.8333333333333334,6,Rare,0.8333333333333334,0.0
42130,1.0,1,Rare,1.0,0.0
42152,1.0,1,Rare,1.0,0.0
42155,1.0,16,Commun,1.0,0.0
42185,1.0,6,Rare,1.0,0.0
42188,0.5,4,Rare,0.5,0.0
42200,1.0,6,Commun,1.0,0.0
42201,1.0,8,Commun,1.0,0.0
42206,1.0,3,Rare,1.0,0.0
42213,1.0,3,Rare,1.0,0.0
42266,1.0,8,Rare,1.0,0.0
42270,1.0,1,Rare,1.0,0.0
42274,1.0,11,Rare,1.0,0.0
42398,1.0,3,Rare,1.0,0.0
42416,0.8,5,Rare,0.8,0.0
42456,0.0,1,Rare,0.0,0.0
42478,1.0,7,Commun,1.0,0.0
42490,1.0,25,Commun,1.0,0.0
42493,1.0,6,Rare,1.0,0.0
42537,1.0,2,Rare,1.0,0.0
42545,1.0,12,Rare,1.0,0.0
42561,1.0,1,Rare,1.0,0.0
42575,1.0,1,Rare,1.0,0.0
42584,1.0,1,Rare,1.0,0.0
42588,1.0,1,Rare,1.0,0.0
42589,1.0,1,Rare,1.0,0.0
42601,1.0,3,Rare,1.0,0.0
42608,1.0,1,Rare,1.0,0.0
42613,1.0,1,Rare,1.0,0.0
42615,1.0,1,Rare,1.0,0.0
42619,1.0,2,Rare,1.0,0.0
42627,1.0,3,Rare,1.0,0.0
42635,1.0,4,Rare,1.0,0.0
42645,1.0,2,Rare,1.0,0.0
42651,1.0,7,Rare,1.0,0.0
42657,1.0,4,Rare,1.0,0.0
42669,1.0,1,Rare,1.0,0.0
42676,1.0,1,Rare,1.0,0.0
42677,1.0,3,Rare,1.0,0.0
42691,1.0,2,Rare,1.0,0.0
42692,1.0,7,Commun,1.0,0.0
42705,1.0,4,Rare,1.0,0.0
42717,0.4,5,Rare,0.4,0.0
42895,1.0,5,Rare,1.0,0.0
42949,1.0,5,Rare,1.0,0.0
42951,1.0,4,Rare,1.0,0.0
42966,1.0,3,Rare,1.0,0.0
42967,1.0,2,Rare,1.0,0.0
42978,1.0,2,Rare,1.0,0.0
43042,1.0,26,Commun,1.0,0.0
43045,1.0,27,Commun,1.0,0.0
43139,1.0,7,Rare,1.0,0.0
43267,1.0,5,Rare,1.0,0.0
43269,1.0,4,Rare,1.0,0.0
43270,1.0,1,Rare,1.0,0.0
43271,0.9444444444444444,18,Commun,1.0,0.05555555555555558
43273,1.0,1,Rare,1.0,0.0
43281,1.0,3,Rare,1.0,0.0
43282,1.0,11,Commun,1.0,0.0
43285,1.0,2,Rare,1.0,0.0
43289,1.0,3,Rare,1.0,0.0
43291,1.0,1,Rare,1.0,0.0
43294,1.0,1,Rare,1.0,0.0
43299,0.8888888888888888,9,Rare,0.8888888888888888,0.0
43300,1.0,9,Rare,1.0,0.0
43318,1.0,15,Commun,1.0,0.0
43320,1.0,1,Rare,1.0,0.0
43323,1.0,7,Commun,1.0,0.0
43334,1.0,5,Rare,1.0,0.0
43337,1.0,4,Rare,1.0,0.0
43350,1.0,4,Rare,1.0,0.0
43352,0.6666666666666666,3,Rare,0.6666666666666666,0.0
43355,1.0,42,Commun,1.0,0.0
43386,1.0,1,Rare,1.0,0.0
43514,1.0,5,Rare,1.0,0.0
43516,0.0,1,Rare,0.0,0.0
43523,1.0,3,Rare,1.0,0.0
43544,1.0,4,Rare,1.0,0.0
43546,1.0,5,Rare,1.0,0.0
43822,1.0,6,Rare,1.0,0.0
43899,1.0,2,Rare,1.0,0.0
44023,1.0,12,Rare,1.0,0.0
44036,1.0,6,Rare,1.0,0.0
44041,1.0,3,Rare,1.0,0.0
44044,1.0,1,Rare,1.0,0.0
44051,1.0,10,Rare,1.0,0.0
44058,1.0,1,Rare,1.0,0.0
44063,1.0,2,Rare,1.0,0.0
44066,0.875,8,Rare,0.875,0.0
44068,0.875,8,Rare,0.875,0.0
44081,1.0,8,Rare,1.0,0.0
44190,1.0,5,Rare,1.0,0.0
44206,1.0,2,Rare,1.0,0.0
44250,1.0,2,Rare,1.0,0.0
44251,1.0,1,Rare,1.0,0.0
44260,1.0,4,Rare,1.0,0.0
44329,1.0,3,Rare,1.0,0.0
44334,1.0,11,Rare,1.0,0.0
44357,0.0,1,Rare,0.0,0.0
44377,1.0,32,Commun,1.0,0.0
44424,0.375,8,Rare,0.375,0.0
44431,1.0,24,Commun,1.0,0.0
44434,1.0,2,Rare,1.0,0.0
44436,0.8888888888888888,36,Commun,0.8888888888888888,0.0
44439,1.0,10,Rare,1.0,0.0
44457,1.0,3,Rare,1.0,0.0
44532,0.625,16,Commun,0.625,0.0
44567,1.0,1,Rare,1.0,0.0
44591,1.0,4,Rare,1.0,0.0
44592,1.0,5,Rare,1.0,0.0
44599,1.0,2,Rare,1.0,0.0
44602,1.0,1,Rare,1.0,0.0
44606,1.0,1,Rare,1.0,0.0
44612,1.0,11,Commun,1.0,0.0
44636,0.4523809523809524,42,Commun,0.4523809523809524,0.0
44641,1.0,1,Rare,1.0,0.0
44644,1.0,3,Rare,1.0,0.0
44648,1.0,3,Rare,1.0,0.0
44680,1.0,1,Rare,1.0,0.0
44688,1.0,1,Rare,1.0,0.0
44716,1.0,2,Rare,1.0,0.0
44721,1.0,1,Rare,1.0,0.0
44723,1.0,1,Rare,1.0,0.0
44734,1.0,1,Rare,1.0,0.0
44738,1.0,2,Rare,1.0,0.0
44752,1.0,7,Rare,1.0,0.0
44774,1.0,1,Rare,1.0,0.0
44861,0.6666666666666666,3,Rare,0.6666666666666666,0.0
44893,1.0,6,Rare,1.0,0.0
44901,1.0,1,Rare,1.0,0.0
44904,1.0,11,Rare,1.0,0.0
44905,1.0,1,Rare,1.0,0.0
44908,1.0,7,Rare,1.0,0.0
44928,1.0,1,Rare,1.0,0.0
44944,0.6666666666666666,6,Commun,0.6666666666666666,0.0
44946,1.0,1,Rare,1.0,0.0
44948,1.0,1,Rare,1.0,0.0
44962,1.0,12,Commun,1.0,0.0
44963,1.0,1,Rare,1.0,0.0
44964,1.0,4,Rare,1.0,0.0
44981,1.0,1,Rare,1.0,0.0
44982,0.6666666666666666,3,Rare,0.6666666666666666,0.0
44988,0.16666666666666666,6,Rare,0.16666666666666666,0.0
45010,0.6153846153846154,13,Commun,0.6153846153846154,0.0
45060,1.0,3,Rare,1.0,0.0
45066,1.0,1,Rare,1.0,0.0
45067,1.0,3,Rare,1.0,0.0
45069,1.0,1,Rare,1.0,0.0
45172,1.0,4,Rare,1.0,0.0
45303,1.0,5,Commun,1.0,0.0
45406,1.0,1,Rare,1.0,0.0
45536,1.0,2,Rare,1.0,0.0
45676,1.0,1,Rare,1.0,0.0
45689,1.0,2,Rare,1.0,0.0
45715,1.0,2,Rare,1.0,0.0
45769,1.0,8,Rare,1.0,0.0
45802,0.8,5,Rare,0.8,0.0
45806,1.0,1,Rare,1.0,0.0
45810,1.0,3,Rare,1.0,0.0
45846,1.0,4,Rare,1.0,0.0
45883,1.0,1,Rare,1.0,0.0
45885,1.0,35,Commun,1.0,0.0
45934,1.0,1,Rare,1.0,0.0
45983,1.0,1,Rare,1.0,0.0
45984,1.0,1,Rare,1.0,0.0
45986,1.0,4,Rare,1.0,0.0
45990,1.0,1,Rare,1.0,0.0
45993,1.0,2,Rare,1.0,0.0
45996,1.0,3,Rare,1.0,0.0
46008,1.0,16,Rare,0.9375,-0.0625
46013,1.0,4,Rare,1.0,0.0
46020,1.0,1,Rare,1.0,0.0
46026,1.0,1,Rare,1.0,0.0
46028,1.0,2,Rare,1.0,0.0
46065,1.0,2,Rare,1.0,0.0
46075,1.0,3,Rare,1.0,0.0
46076,1.0,3,Rare,1.0,0.0
46077,1.0,2,Rare,1.0,0.0
46086,1.0,2,Rare,1.0,0.0
46221,1.0,13,Rare,1.0,0.0
46223,1.0,1,Rare,1.0,0.0
46259,1.0,3,Rare,1.0,0.0
46304,1.0,2,Rare,1.0,0.0
46330,1.0,4,Rare,1.0,0.0
46403,1.0,1,Rare,1.0,0.0
46417,1.0,3,Rare,1.0,0.0
46446,1.0,12,Rare,0.9166666666666666,-0.08333333333333337
46466,1.0,1,Rare,1.0,0.0
46469,1.0,3,Rare,1.0,0.0
46470,1.0,1,Rare,1.0,0.0
46562,1.0,3,Rare,1.0,0.0
46563,1.0,6,Rare,1.0,0.0
46564,1.0,1,Rare,1.0,0.0
46572,1.0,1,Rare,1.0,0.0
46576,1.0,4,Rare,1.0,0.0
46577,1.0,2,Rare,1.0,0.0
46583,1.0,1,Rare,1.0,0.0
46589,1.0,2,Rare,1.0,0.0
46597,1.0,4,Rare,1.0,0.0
46602,1.0,3,Rare,1.0,0.0
46612,1.0,4,Rare,1.0,0.0
46659,1.0,22,Commun,1.0,0.0
46663,1.0,2,Rare,1.0,0.0
46669,1.0,2,Rare,1.0,0.0
46672,1.0,5,Rare,1.0,0.0
46673,1.0,5,Rare,1.0,0.0
46675,1.0,1,Rare,1.0,0.0
46757,1.0,3,Rare,1.0,0.0
46781,1.0,1,Rare,1.0,0.0
46788,1.0,2,Rare,1.0,0.0
46789,1.0,1,Rare,1.0,0.0
46800,1.0,1,Rare,1.0,0.0
46844,1.0,1,Rare,1.0,0.0
46860,1.0,6,Commun,1.0,0.0
46868,1.0,3,Rare,1.0,0.0
46870,1.0,1,Rare,1.0,0.0
46871,1.0,1,Rare,1.0,0.0
46879,1.0,2,Rare,1.0,0.0
46884,1.0,11,Commun,1.0,0.0
46889,1.0,4,Rare,1.0,0.0
46898,1.0,6,Rare,1.0,0.0
46919,1.0,2,Rare,1.0,0.0
46954,1.0,2,Rare,1.0,0.0
46962,1.0,3,Rare,1.0,0.0
46967,1.0,5,Rare,1.0,0.0
46969,1.0,2,Rare,1.0,0.0
46970,1.0,2,Rare,1.0,0.0
46987,1.0,1,Rare,1.0,0.0
47015,1.0,2,Rare,1.0,0.0
47076,0.0,1,Rare,0.0,0.0
47107,1.0,1,Rare,1.0,0.0
47141,1.0,1,Rare,1.0,0.0
47155,0.5,2,Rare,0.5,0.0
47173,1.0,3,Rare,1.0,0.0
47178,1.0,1,Rare,1.0,0.0
47186,0.9230769230769231,13,Commun,0.9230769230769231,0.0
47201,0.5675675675675675,37,Commun,0.5675675675675675,0.0
47206,1.0,2,Rare,1.0,0.0
47235,1.0,4,Rare,1.0,0.0
47236,1.0,1,Rare,1.0,0.0
47270,1.0,12,Commun,1.0,0.0
47275,1.0,22,Commun,1.0,0.0
47278,1.0,5,Rare,1.0,0.0
47282,1.0,1,Rare,1.0,0.0
47300,0.875,8,Rare,0.875,0.0
47302,0.75,4,Rare,0.75,0.0
47315,1.0,3,Rare,0.6666666666666666,-0.33333333333333337
47357,1.0,4,Rare,1.0,0.0
47376,1.0,1,Rare,1.0,0.0
47400,1.0,10,Rare,1.0,0.0
47401,1.0,17,Commun,1.0,0.0
47515,1.0,6,Rare,1.0,0.0
47543,1.0,3,Rare,1.0,0.0
47577,1.0,5,Rare,1.0,0.0
47584,1.0,1,Rare,1.0,0.0
47594,1.0,2,Rare,1.0,0.0
47598,1.0,1,Rare,1.0,0.0
47614,1.0,2,Rare,1.0,0.0
47617,1.0,1,Rare,1.0,0.0
47623,1.0,1,Rare,1.0,0.0
47627,1.0,1,Rare,1.0,0.0
47629,1.0,1,Rare,1.0,0.0
47630,1.0,1,Rare,1.0,0.0
47634,1.0,4,Rare,1.0,0.0
47638,1.0,2,Rare,1.0,0.0
47640,1.0,1,Rare,1.0,0.0
47644,0.0,2,Rare,0.0,0.0
47649,1.0,3,Rare,1.0,0.0
47658,0.9,10,Rare,0.9,0.0
47659,1.0,1,Rare,1.0,0.0
47663,1.0,4,Rare,1.0,0.0
47664,1.0,8,Rare,1.0,0.0
47666,1.0,1,Rare,1.0,0.0
47670,1.0,2,Rare,1.0,0.0
47678,1.0,4,Rare,1.0,0.0
47698,1.0,1,Rare,1.0,0.0
47720,1.0,3,Rare,0.6666666666666666,-0.33333333333333337
47724,1.0,5,Rare,1.0,0.0
47726,0.8333333333333334,6,Rare,0.8333333333333334,0.0
47733,1.0,2,Rare,1.0,0.0
47735,1.0,1,Rare,1.0,0.0
47778,1.0,6,Rare,1.0,0.0
47780,0.0,1,Rare,0.0,0.0
47846,1.0,5,Rare,1.0,0.0
47850,1.0,1,Rare,1.0,0.0
47965,1.0,3,Rare,1.0,0.0
47971,1.0,1,Rare,1.0,0.0
48016,1.0,7,Rare,1.0,0.0
48024,1.0,2,Rare,1.0,0.0
48026,1.0,1,Rare,1.0,0.0
48033,1.0,1,Rare,1.0,0.0
48037,1.0,2,Rare,1.0,0.0
48058,1.0,1,Rare,1.0,0.0
48061,1.0,1,Rare,1.0,0.0
48062,0.0,1,Rare,0.0,0.0
48137,1.0,4,Rare,1.0,0.0
48141,1.0,1,Rare,1.0,0.0
48150,0.5,2,Rare,0.5,0.0
48158,1.0,1,Rare,1.0,0.0
48161,1.0,1,Rare,1.0,0.0
48165,1.0,2,Rare,1.0,0.0
48168,1.0,2,Rare,1.0,0.0
48172,1.0,1,Rare,1.0,0.0
48189,1.0,4,Rare,1.0,0.0
48205,1.0,1,Rare,1.0,0.0
48212,1.0,2,Rare,1.0,0.0
48230,1.0,1,Rare,1.0,0.0
48345,1.0,2,Rare,1.0,0.0
48352,1.0,5,Commun,1.0,0.0
48355,1.0,4,Rare,1.0,0.0
48359,1.0,3,Rare,1.0,0.0
48362,1.0,1,Rare,1.0,0.0
48370,1.0,1,Rare,1.0,0.0
48386,1.0,9,Rare,1.0,0.0
48408,1.0,3,Rare,1.0,0.0
48424,1.0,1,Rare,1.0,0.0
48461,1.0,4,Rare,1.0,0.0
48476,1.0,1,Rare,1.0,0.0
48570,1.0,1,Rare,1.0,0.0
48645,1.0,4,Rare,1.0,0.0
48668,1.0,9,Rare,1.0,0.0
48674,1.0,5,Rare,1.0,0.0
48689,1.0,1,Rare,1.0,0.0
48712,1.0,1,Rare,1.0,0.0
48736,0.75,4,Rare,0.75,0.0
48751,1.0,1,Rare,1.0,0.0
48766,1.0,12,Rare,1.0,0.0
48806,1.0,2,Rare,1.0,0.0
48826,1.0,2,Rare,1.0,0.0
48837,0.0,1,Rare,0.0,0.0
48851,1.0,1,Rare,1.0,0.0
48874,1.0,12,Commun,1.0,0.0
48988,1.0,1,Rare,1.0,0.0
48991,1.0,8,Commun,1.0,0.0
48998,1.0,11,Commun,1.0,0.0
49060,1.0,2,Rare,1.0,0.0
49066,1.0,1,Rare,1.0,0.0
49112,1.0,2,Rare,1.0,0.0
49149,1.0,2,Rare,1.0,0.0
49160,1.0,1,Rare,1.0,0.0
49166,1.0,2,Rare,1.0,0.0
49178,1.0,9,Rare,1.0,0.0
49220,1.0,1,Rare,1.0,0.0
49306,1.0,1,Rare,1.0,0.0
49307,1.0,1,Rare,1.0,0.0
49330,1.0,1,Rare,1.0,0.0
49373,1.0,1,Rare,1.0,0.0
49374,1.0,14,Rare,1.0,0.0
49388,0.0,1,Rare,0.0,0.0
49389,1.0,1,Rare,1.0,0.0
49410,1.0,2,Rare,1.0,0.0
49413,1.0,1,Rare,1.0,0.0
49417,1.0,1,Rare,1.0,0.0
49424,0.9583333333333334,24,Commun,0.9583333333333334,0.0
49435,0.625,8,Commun,0.625,0.0
49442,1.0,1,Rare,1.0,0.0
49454,1.0,3,Rare,0.6666666666666666,-0.33333333333333337
49460,1.0,18,Commun,1.0,0.0
49478,1.0,2,Rare,1.0,0.0
49480,0.75,4,Rare,0.75,0.0
49492,1.0,1,Rare,1.0,0.0
49506,1.0,1,Rare,1.0,0.0
49512,1.0,1,Rare,1.0,0.0
49515,1.0,2,Rare,1.0,0.0
49521,1.0,1,Rare,1.0,0.0
49531,1.0,1,Rare,1.0,0.0
49545,1.0,13,Commun,1.0,0.0
49554,1.0,2,Rare,1.0,0.0
49565,0.9333333333333333,15,Commun,0.9333333333333333,0.0
49588,1.0,4,Rare,1.0,0.0
49664,1.0,1,Rare,1.0,0.0
49666,0.8,5,Rare,0.8,0.0
49670,1.0,4,Rare,1.0,0.0
49673,1.0,1,Rare,1.0,0.0
49718,1.0,2,Rare,1.0,0.0
49779,1.0,16,Commun,1.0,0.0
49827,1.0,5,Rare,1.0,0.0
49854,1.0,2,Rare,1.0,0.0
49988,1.0,1,Rare,1.0,0.0
50140,1.0,14,Rare,1.0,0.0
50332,1.0,1,Rare,1.0,0.0
50385,0.0,3,Rare,0.0,0.0
50463,1.0,10,Rare,1.0,0.0
50567,1.0,1,Rare,1.0,0.0
50765,1.0,5,Rare,1.0,0.0
50807,1.0,1,Rare,1.0,0.0
50833,1.0,9,Rare,1.0,0.0
50862,0.8,5,Rare,0.8,0.0
50888,1.0,1,Rare,1.0,0.0
50899,1.0,8,Rare,1.0,0.0
50910,0.0,1,Rare,0.0,0.0
50911,1.0,9,Rare,1.0,0.0
50928,1.0,1,Rare,1.0,0.0
50931,0.8888888888888888,9,Rare,0.8888888888888888,0.0
50941,1.0,4,Rare,1.0,0.0
50972,1.0,2,Rare,1.0,0.0
50977,1.0,17,Commun,1.0,0.0
51025,1.0,4,Rare,1.0,0.0
51026,1.0,5,Rare,1.0,0.0
51084,1.0,1,Rare,1.0,0.0
51085,1.0,1,Rare,1.0,0.0
51096,1.0,7,Commun,1.0,0.0
51120,1.0,1,Rare,1.0,0.0
51148,1.0,1,Rare,1.0,0.0
51178,0.5,2,Rare,0.5,0.0
51298,1.0,1,Rare,1.0,0.0
51301,1.0,1,Rare,1.0,0.0
51317,1.0,1,Rare,1.0,0.0
51339,1.0,1,Rare,1.0,0.0
51355,1.0,16,Rare,1.0,0.0
51399,1.0,2,Rare,1.0,0.0
51443,1.0,1,Rare,1.0,0.0
51447,1.0,1,Rare,1.0,0.0
51456,1.0,1,Rare,1.0,0.0
51481,1.0,2,Rare,1.0,0.0
51485,1.0,14,Rare,1.0,0.0
51493,1.0,9,Rare,1.0,0.0
51516,1.0,5,Rare,1.0,0.0
51552,1.0,1,Rare,1.0,0.0
51629,1.0,1,Rare,1.0,0.0
51634,1.0,8,Rare,1.0,0.0
51637,1.0,1,Rare,1.0,0.0
51793,1.0,4,Commun,1.0,0.0
51950,1.0,5,Rare,1.0,0.0
51992,1.0,1,Rare,1.0,0.0
52181,1.0,1,Rare,1.0,0.0
52210,1.0,1,Rare,1.0,0.0
52220,1.0,3,Rare,1.0,0.0
52224,1.0,6,Rare,1.0,0.0
52231,0.6666666666666666,3,Rare,0.6666666666666666,0.0
52311,1.0,3,Rare,1.0,0.0
52352,1.0,7,Rare,1.0,0.0
52357,1.0,2,Rare,1.0,0.0
52373,1.0,2,Rare,1.0,0.0
52375,1.0,2,Rare,1.0,0.0
52389,1.0,2,Rare,1.0,0.0
52402,0.96,25,Commun,1.0,0.040000000000000036
52405,1.0,4,Rare,1.0,0.0
52515,1.0,20,Commun,1.0,0.0
52777,1.0,1,Rare,1.0,0.0
52843,1.0,4,Rare,1.0,0.0
52847,1.0,1,Rare,1.0,0.0
52848,1.0,2,Rare,1.0,0.0
52872,1.0,3,Rare,1.0,0.0
52878,0.8,5,Rare,0.8,0.0
52882,1.0,14,Commun,1.0,0.0
52967,1.0,2,Rare,1.0,0.0
52976,0.75,4,Rare,0.75,0.0
52978,1.0,1,Rare,1.0,0.0
52998,1.0,1,Rare,1.0,0.0
52999,1.0,1,Rare,1.0,0.0
53019,1.0,1,Rare,1.0,0.0
53021,0.6363636363636364,11,Commun,0.7272727272727273,0.09090909090909094
53068,1.0,3,Rare,1.0,0.0
53070,1.0,24,Commun,1.0,0.0
53085,1.0,1,Rare,1.0,0.0
53116,1.0,1,Rare,1.0,0.0
53117,1.0,2,Rare,1.0,0.0
53156,1.0,1,Rare,1.0,0.0
53328,1.0,1,Rare,1.0,0.0
53373,1.0,2,Rare,1.0,0.0
53384,0.8333333333333334,6,Rare,0.8333333333333334,0.0
53396,1.0,3,Rare,1.0,0.0
53413,1.0,1,Rare,1.0,0.0
53415,1.0,5,Rare,0.8,-0.19999999999999996
53421,1.0,3,Rare,1.0,0.0
53423,1.0,5,Rare,1.0,0.0
53433,1.0,4,Rare,1.0,0.0
53452,1.0,1,Rare,1.0,0.0
53454,1.0,7,Rare,1.0,0.0
53463,1.0,1,Rare,1.0,0.0
53472,1.0,2,Rare,1.0,0.0
53507,1.0,3,Rare,1.0,0.0
53590,1.0,1,Rare,1.0,0.0
53641,1.0,1,Rare,1.0,0.0
53697,1.0,1,Rare,1.0,0.0
53738,1.0,3,Rare,1.0,0.0
53740,1.0,1,Rare,1.0,0.0
53744,1.0,1,Rare,1.0,0.0
53752,0.5,2,Rare,0.5,0.0
53768,1.0,2,Rare,1.0,0.0
53774,1.0,2,Rare,1.0,0.0
53830,1.0,1,Rare,1.0,0.0
53839,1.0,4,Rare,1.0,0.0
53841,1.0,2,Rare,1.0,0.0
53848,1.0,7,Rare,1.0,0.0
53857,1.0,9,Rare,1.0,0.0
53909,1.0,6,Rare,1.0,0.0
53922,1.0,11,Rare,1.0,0.0
53928,1.0,2,Rare,1.0,0.0
54180,1.0,1,Rare,1.0,0.0
54214,1.0,4,Rare,1.0,0.0
54219,1.0,1,Rare,1.0,0.0
54224,1.0,2,Rare,0.5,-0.5
54226,1.0,1,Rare,1.0,0.0
54248,1.0,3,Rare,1.0,0.0
54249,1.0,3,Rare,1.0,0.0
54261,1.0,1,Rare,1.0,0.0
54262,1.0,3,Rare,1.0,0.0
54263,1.0,3,Rare,1.0,0.0
54265,1.0,1,Rare,1.0,0.0
54267,0.5,8,Rare,0.5,0.0
54343,1.0,3,Rare,1.0,0.0
54349,1.0,1,Rare,1.0,0.0
54370,1.0,2,Rare,1.0,0.0
54376,1.0,1,Rare,1.0,0.0
54386,1.0,3,Rare,1.0,0.0
54388,1.0,2,Rare,1.0,0.0
54411,1.0,6,Rare,1.0,0.0
54417,1.0,13,Commun,1.0,0.0
54418,1.0,5,Commun,1.0,0.0
54426,1.0,1,Rare,1.0,0.0
54437,1.0,3,Rare,1.0,0.0
54463,1.0,1,Rare,1.0,0.0
54612,1.0,1,Rare,1.0,0.0
54699,1.0,1,Rare,1.0,0.0
54700,1.0,7,Rare,1.0,0.0
54703,1.0,5,Rare,1.0,0.0
54704,1.0,3,Rare,1.0,0.0
54714,1.0,4,Rare,1.0,0.0
54718,1.0,1,Rare,1.0,0.0
54724,1.0,1,Rare,1.0,0.0
54736,0.9166666666666666,12,Rare,0.9166666666666666,0.0
54748,0.0,1,Rare,0.0,0.0
54751,1.0,1,Rare,1.0,0.0
54754,1.0,2,Rare,1.0,0.0
54760,1.0,1,Rare,1.0,0.0
54765,1.0,14,Commun,1.0,0.0
54766,1.0,3,Rare,1.0,0.0
54768,1.0,10,Commun,1.0,0.0
54769,1.0,2,Rare,1.0,0.0
54771,1.0,2,Rare,1.0,0.0
54782,1.0,6,Rare,1.0,0.0
54786,1.0,2,Rare,1.0,0.0
54817,1.0,2,Rare,1.0,0.0
54883,1.0,1,Rare,1.0,0.0
54911,1.0,1,Rare,1.0,0.0
54933,1.0,2,Rare,1.0,0.0
54935,1.0,2,Rare,1.0,0.0
55002,1.0,1,Rare,1.0,0.0
55032,1.0,1,Rare,1.0,0.0
55043,1.0,4,Rare,1.0,0.0
55058,1.0,7,Rare,1.0,0.0
55082,1.0,2,Rare,1.0,0.0
55090,0.0,1,Rare,0.0,0.0
55107,1.0,5,Rare,1.0,0.0
55134,1.0,12,Rare,1.0,0.0
55190,1.0,1,Rare,1.0,0.0
55192,1.0,11,Rare,1.0,0.0
55222,0.0,1,Rare,0.0,0.0
55225,1.0,2,Rare,1.0,0.0
55227,1.0,1,Rare,1.0,0.0
55236,1.0,3,Rare,1.0,0.0
55262,1.0,14,Commun,1.0,0.0
55266,1.0,1,Rare,1.0,0.0
55269,0.0,1,Rare,0.0,0.0
55275,1.0,5,Rare,1.0,0.0
55280,1.0,14,Commun,1.0,0.0
55298,1.0,26,Commun,1.0,0.0
55387,1.0,12,Commun,1.0,0.0
55388,1.0,1,Rare,1.0,0.0
55397,0.9583333333333334,24,Commun,0.9583333333333334,0.0
55409,1.0,1,Rare,1.0,0.0
55417,1.0,1,Rare,1.0,0.0
55478,1.0,1,Rare,1.0,0.0
55532,1.0,1,Rare,1.0,0.0
55552,1.0,13,Commun,1.0,0.0
55568,1.0,8,Rare,1.0,0.0
55572,1.0,1,Rare,1.0,0.0
55588,1.0,1,Rare,1.0,0.0
55619,1.0,1,Rare,1.0,0.0
55623,0.6,5,Rare,0.6,0.0
55624,1.0,1,Rare,1.0,0.0
55630,1.0,8,Rare,1.0,0.0
55642,0.5,2,Rare,0.5,0.0
55643,0.0,1,Rare,0.0,0.0
55658,0.6,5,Rare,0.6,0.0
55659,0.25,4,Rare,0.25,0.0
55663,1.0,2,Rare,1.0,0.0
55668,1.0,3,Rare,1.0,0.0
55676,1.0,1,Rare,1.0,0.0
55679,0.4634146341463415,41,Commun,0.4634146341463415,0.0
55688,1.0,1,Rare,1.0,0.0
55689,1.0,2,Rare,1.0,0.0
55825,0.0,1,Rare,0.0,0.0
55855,1.0,2,Rare,1.0,0.0
55870,1.0,2,Rare,1.0,0.0
55884,1.0,5,Rare,1.0,0.0
55897,1.0,2,Rare,1.0,0.0
55900,1.0,7,Rare,1.0,0.0
55911,1.0,3,Rare,1.0,0.0
55918,0.75,8,Rare,0.75,0.0
55923,0.75,4,Commun,1.0,0.25
55925,1.0,1,Rare,1.0,0.0
55937,1.0,4,Rare,1.0,0.0
55963,1.0,2,Rare,1.0,0.0
56042,1.0,2,Rare,1.0,0.0
56045,1.0,2,Rare,1.0,0.0
56046,1.0,2,Rare,1.0,0.0
56047,1.0,3,Rare,1.0,0.0
56051,1.0,1,Rare,1.0,0.0
56052,1.0,3,Rare,1.0,0.0
56057,1.0,2,Rare,1.0,0.0
56070,1.0,13,Rare,1.0,0.0
56076,1.0,5,Rare,1.0,0.0
56084,1.0,1,Rare,1.0,0.0
56087,1.0,5,Rare,1.0,0.0
56093,1.0,3,Rare,1.0,0.0
56108,1.0,2,Rare,1.0,0.0
56116,1.0,1,Rare,1.0,0.0
56123,0.96,25,Commun,1.0,0.040000000000000036
56127,1.0,1,Rare,1.0,0.0
56128,0.0,1,Rare,0.0,0.0
56142,1.0,1,Rare,1.0,0.0
56145,1.0,1,Rare,1.0,0.0
56152,1.0,1,Rare,1.0,0.0
56187,1.0,1,Rare,1.0,0.0
56202,1.0,3,Rare,1.0,0.0
56212,1.0,18,Commun,1.0,0.0
56217,1.0,2,Rare,1.0,0.0
56224,0.9354838709677419,31,Commun,0.9354838709677419,0.0
56228,1.0,1,Rare,1.0,0.0
56247,0.9615384615384616,26,Commun,0.9615384615384616,0.0
56249,1.0,1,Rare,1.0,0.0
56278,1.0,2,Rare,1.0,0.0
56288,1.0,6,Rare,1.0,0.0
56292,1.0,1,Rare,1.0,0.0
56293,1.0,2,Rare,1.0,0.0
56294,1.0,3,Rare,1.0,0.0
56297,1.0,2,Rare,1.0,0.0
56312,1.0,1,Rare,1.0,0.0
56315,1.0,1,Rare,1.0,0.0
56318,1.0,2,Rare,1.0,0.0
56321,1.0,1,Rare,1.0,0.0
56325,1.0,1,Rare,1.0,0.0
56327,1.0,12,Rare,1.0,0.0
56329,1.0,5,Rare,1.0,0.0
56330,1.0,1,Rare,1.0,0.0
56336,1.0,1,Rare,1.0,0.0
56339,1.0,2,Rare,1.0,0.0
56374,1.0,1,Rare,1.0,0.0
56377,1.0,13,Commun,1.0,0.0
56378,1.0,14,Rare,1.0,0.0
56383,1.0,11,Rare,1.0,0.0
56385,1.0,1,Rare,1.0,0.0
56392,1.0,3,Rare,1.0,0.0
56398,1.0,1,Rare,1.0,0.0
56399,0.0,1,Rare,0.0,0.0
56400,1.0,3,Rare,1.0,0.0
56409,1.0,2,Rare,1.0,0.0
56413,1.0,2,Rare,1.0,0.0
56415,1.0,2,Rare,1.0,0.0
56417,1.0,1,Rare,1.0,0.0
56422,0.8,5,Rare,0.8,0.0
56436,1.0,1,Rare,1.0,0.0
56452,1.0,1,Rare,1.0,0.0
56460,1.0,1,Rare,1.0,0.0
56469,1.0,3,Rare,1.0,0.0
56478,1.0,4,Rare,1.0,0.0
56503,1.0,6,Rare,1.0,0.0
56505,1.0,4,Rare,1.0,0.0
56510,1.0,1,Rare,1.0,0.0
56526,1.0,1,Rare,1.0,0.0
56529,1.0,8,Rare,1.0,0.0
56581,1.0,1,Rare,1.0,0.0
56583,1.0,1,Rare,1.0,0.0
56614,1.0,8,Rare,1.0,0.0
56670,1.0,1,Rare,1.0,0.0
56676,1.0,10,Rare,1.0,0.0
56878,0.5,2,Rare,0.5,0.0
56948,1.0,2,Rare,1.0,0.0
56976,0.2,5,Rare,0.2,0.0
57071,1.0,4,Rare,1.0,0.0
57072,1.0,11,Rare,1.0,0.0
57133,1.0,1,Rare,1.0,0.0
57274,1.0,1,Rare,1.0,0.0
57286,0.0,1,Rare,0.0,0.0
57289,1.0,1,Rare,1.0,0.0
57294,1.0,7,Rare,1.0,0.0
57366,0.6666666666666666,3,Rare,0.3333333333333333,-0.3333333333333333
57427,1.0,2,Rare,1.0,0.0
57512,1.0,1,Rare,1.0,0.0
